"MinTemp","MaxTemp","Rainfall","Humidity9am","Humidity3pm","RainTomorrow"
12.9,22.4,0.4,64,60,0
9.9,34.2,0,63,19,0
14.5,20.8,0,57,68,0
20.6,29.9,0.4,68,73,0
15.3,29.2,0,35,17,0
15.3,32.3,0,39,16,0
6.2,18.2,0,75,52,0
4.3,21.2,0,76,36,0
12.9,17.1,12,87,51,0
21.4,31.7,0.2,56,45,0
15.4,29.1,0,63,63,0
21.2,31.6,0,69,66,0
11.1,22.9,0,72,51,0
15.1,29.9,0.2,95,85,0
2,14.7,0.2,96,66,1
23.5,30.7,0.2,77,71,1
7.9,23.1,0,53,52,0
9.7,13.7,4.6,78,80,1
11.9,23.3,5.8,100,60,0
7.7,14.9,8,87,64,1
9,29.7,0,61,17,0
12.9,26.7,0,57,45,0
11.7,23.9,0,38,24,0
9.5,19.6,7,98,73,1
19.9,25.4,4.8,87,79,0
2.9,14.6,1.4,99,72,0
20.6,26.3,68,87,88,1
8.2,24,0,27,18,0
12.9,22.3,0,45,32,0
12.4,24.5,1.2,77,45,0
26.7,32.7,1.8,71,71,1
7.2,12.4,2.8,94,89,0
12.6,24.8,0,49,33,0
12,16.5,1.2,100,99,1
16.8,23,1,86,79,1
9.7,24.3,0,51,25,0
-3.8,1.6,9,100,85,0
5.9,13.9,0.4,71,65,1
7.5,23.7,0,82,51,0
2.9,17.2,0,100,65,0
18.3,28.6,0,71,57,0
5.7,27,0,55,24,0
9.1,23.8,0,44,51,0
7.9,11.4,0,70,59,0
14.2,28.3,0,53,27,0
8,24.9,0,75,30,0
13.4,18.9,0,76,58,0
3.7,15.1,0,88,48,0
19.8,29,0,64,68,0
13.4,34.4,0,78,20,0
22.1,26.4,0,80,74,0
15.9,32.5,0.2,58,22,0
9.8,22,0,71,43,0
1.9,19.3,0,82,40,0
10,12.5,23.8,72,64,0
4.3,17.1,0,97,46,0
10.9,26.5,0,33,19,0
10.5,19.5,0,56,53,0
16,33.7,0,23,8,0
5.6,21,0,40,25,0
10.6,22.6,0,70,45,0
18.5,27.1,9.2,77,86,1
9.9,15,0.4,70,43,0
16.2,21.8,0,72,55,0
14.6,23,13.2,87,67,0
23.9,33.1,21.4,79,62,0
20.5,24.9,0,82,76,0
11.3,22,2.4,74,63,0
7,22,0,73,43,0
13.6,27.3,0,75,39,0
8.1,13.5,0,65,58,0
18.4,24.6,0.2,78,81,0
16.5,26.8,0,79,64,1
13.7,20,17.2,91,92,1
18.7,26.5,0,68,49,0
27.3,42.9,0,23,14,0
21,27.7,0,78,64,0
4.6,12.5,0.4,70,89,1
15.9,27.4,0,64,25,0
14.4,22,0.8,75,59,0
6.3,20.7,0,65,43,0
5.3,15.6,5.2,63,51,0
20.6,33.8,0,22,21,0
6.5,18.9,0,79,53,0
9.9,27.4,0,77,41,0
17,18.4,1.4,82,96,1
8.4,31.6,0,35,31,0
18.8,30.4,0,66,55,0
4.2,18.8,0,55,32,0
3.7,11.5,0,72,60,0
14.2,21.9,0,60,53,1
5.7,11.3,3.9,81,67,0
23.9,37.7,0,36,37,0
7.6,24.6,0.2,67,46,0
5.1,20.7,0,93,56,0
19,40,0,30,12,0
9.4,20.7,0,65,46,0
13.6,23.7,0,60,45,1
10.1,32.1,0,66,17,0
13.2,19.8,0,69,56,0
12.3,27.8,0,43,14,0
13.1,35.8,0,19,8,0
22.4,33.6,0,41,42,0
17.5,36.3,0,41,23,0
7.3,17.5,0,57,49,0
14.9,23.4,0,99,94,0
17.1,25.9,0,70,69,1
7,13.4,17.2,85,79,1
14.1,25.2,0,67,63,0
7.3,25,0,52,19,0
14.9,22.2,0.2,80,79,0
23.4,32.8,0,60,38,0
12.4,24.7,0,75,54,0
8.3,12.5,2,98,83,0
11.6,21.2,0.2,89,51,0
25.3,36.9,0,66,41,0
8.7,25,0,67,48,0
7.4,15.6,0,97,61,0
8.4,18.8,0,55,46,0
21.3,35.5,0,51,22,0
19.6,23.9,0.8,77,74,0
21.1,34.9,0,71,32,0
16.5,23,0,57,57,0
14.9,24.9,1,91,61,1
6.5,13.9,0,69,48,0
13.7,20.1,0,72,76,1
8.3,26.5,0,81,39,0
6.2,12.4,1.2,54,63,0
20.3,28.3,0,51,45,0
10.4,17.1,1,69,46,0
20.2,25.7,6.4,86,76,1
21.4,25.9,0,83,79,0
7,16.2,0.2,59,55,0
19.7,34.8,0,59,23,0
2.7,27.3,0,59,28,0
15.7,21.2,11,72,66,0
6.4,12.6,15,96,84,1
6,19.1,0,55,49,0
13.8,25.3,0,57,31,0
13.3,36.1,0,51,22,0
17.7,32.5,0,46,22,0
15.6,25.3,1.6,79,47,1
1.9,19.6,0.2,60,39,0
8.1,21.2,0,61,45,0
12.1,16.9,5.6,100,69,0
6.4,19.6,0.6,67,48,0
18.9,27.6,0.2,56,33,0
11.6,19.8,0,93,70,0
5.9,27.9,0,43,15,0
10.3,17.2,0,54,46,0
7.3,21.8,0,91,48,0
4.2,10.7,1.8,87,65,1
8.8,20.4,0.2,50,36,0
12,27.2,0,76,48,0
6.9,18.2,0,63,44,0
8.7,19,0,64,74,1
17.1,26,0,100,47,0
4.1,29.8,0,46,16,0
6.8,16.7,0,62,45,0
15.2,25.7,83.6,76,61,0
12.6,17.7,1,86,69,1
10.5,22.6,0,78,47,1
11.6,20.9,0,49,31,1
2.3,15,0,77,59,0
11.9,18.4,0,57,57,1
22.7,29.4,0,75,64,0
15.8,21.4,0.2,98,67,0
6.5,19.7,0,61,37,0
16.6,18.7,0,75,89,1
6.6,16.9,0,65,53,0
19,33.2,0.6,52,17,0
7.7,16.4,1.8,64,52,0
1.7,14.6,0.2,87,53,0
10.1,23.2,0,68,43,0
7.8,26.8,0,49,27,0
11,24.7,0,65,46,0
9,14.2,9.8,66,50,1
7.4,13.1,6.6,88,69,1
11.7,19.3,0,61,61,0
16.4,23.5,0,85,49,0
8.6,18.5,0,85,48,0
10.8,21.2,0,60,43,0
15.4,32.6,0,35,33,1
8.9,16.7,0,75,52,0
10,16.2,0,62,44,0
17.3,22.4,0,77,68,1
2,12.3,0,99,78,1
18.7,26.8,0,35,62,0
13.1,18.2,10.2,87,49,0
10.4,27.2,0,71,31,0
5.9,18.5,0,81,46,0
6,14.9,33.6,59,67,0
7.5,16.9,4.6,97,68,1
6.3,13,1.4,99,64,0
14.6,23.6,0,53,44,0
9.1,15.3,36.8,90,52,1
2.8,22.1,0,74,33,0
24,29.1,74.8,91,90,1
14.1,20.9,22.8,81,44,0
15,23.6,0,100,88,1
0.7,17.4,0,75,35,0
22.5,30.5,0,54,67,0
8.9,21,1,90,71,1
-3.3,11.2,0,99,67,0
17.8,21.5,7.6,72,71,0
18.2,27.3,0,70,56,0
0.7,17.2,0,91,54,0
18,33,0,66,22,0
3.3,18.4,0,52,44,0
18.2,31.3,0,68,41,0
10.3,22.1,0,72,48,0
18.5,25.9,0,78,59,0
5.7,16.1,0,79,61,0
10.2,29.6,0,87,32,0
14.9,29.2,0,46,33,1
11.7,22.9,0,83,55,0
13.7,20.2,1.2,100,81,0
7.2,17.3,0.8,64,56,0
2.1,14.8,0.4,99,50,0
20.2,23.9,14.2,95,93,1
20.2,23.4,0.6,77,83,1
16.2,22.2,0,83,72,0
12.3,22.2,0,61,50,0
4.9,20.5,0,73,48,0
22.5,27.7,7.4,82,72,1
20.7,22.9,5,95,60,1
14,17.1,4.2,71,68,1
15.2,23.8,0.8,83,57,0
7.6,19.9,0,76,60,0
10,16.7,10,98,70,1
2.3,21.1,0,80,41,0
7.2,24.2,0,60,26,0
13.1,29.8,0,71,48,0
8.5,21.1,1.2,60,41,0
-0.5,9.9,3,69,79,0
14.9,37.8,0,52,20,0
7.4,23.7,0,75,48,0
13.2,20.4,17.6,94,66,0
16.8,19.9,0.2,78,83,1
20,27.6,1,71,59,0
13.9,27.2,0.2,82,46,0
8.1,29.2,0,12,4,0
16.9,35.8,0,33,26,0
7.5,22.9,0,38,23,0
2.6,15.9,3.2,88,54,0
15.6,26.8,0,56,30,0
21,33,0,75,38,0
6.6,17.7,1.4,100,57,0
13.1,19.4,0,44,37,0
6,18.5,0,87,53,1
14.6,27.5,1.8,44,17,0
22,29.8,0,73,68,1
13,16.5,26.2,92,81,1
8.3,14,4.6,97,83,1
-0.6,10.6,0,51,63,0
13,17.3,13.4,91,83,1
11.3,18,1.8,83,62,0
-1.3,14.3,0,77,48,1
21.8,25.9,0.2,69,71,0
14.1,24.9,21.4,87,44,0
8.3,22.5,0,66,58,0
3.6,12.6,3.2,98,55,0
15.4,26.9,0.4,66,55,0
16.1,25.3,0,69,53,0
20.6,34.3,0,53,30,0
9.6,15.1,0.6,80,74,0
0.1,19.5,0,86,53,0
-0.2,11.9,0.2,98,45,0
11.7,19.3,6.2,62,48,0
3.2,17.6,0,67,39,1
13.9,24.4,0,62,36,0
14,23.4,1,85,41,0
8,24.1,0,62,51,0
15.1,20.7,0,60,60,0
11.9,22.5,2.6,72,70,1
3,19.5,0,81,46,0
8.4,19.5,1,98,63,0
15.2,37.9,0,16,11,0
23.7,43.1,0,26,12,0
14.9,18.6,0,70,73,0
12.4,34.1,0,19,10,0
13.4,27.8,0,73,53,0
7.2,29,0,51,18,0
11.5,24.4,0.4,78,41,0
12.3,19.5,12.5,85,70,1
-0.5,12.7,0.2,97,64,1
18.8,38.2,0,70,45,0
20.1,24.7,0,83,77,0
15.8,37.2,0,65,31,0
15.4,18.9,0,71,82,1
11.4,31.9,0,45,12,0
10.1,23.1,0,55,46,0
16.8,32.8,0,2,2,0
9.6,29.4,0,37,19,0
21.2,31.1,0,54,68,0
17.1,27.3,0,76,65,0
6.5,23.4,0,80,22,0
8,19.9,0.8,78,61,0
16.8,25.6,17.4,99,68,0
16.2,20.4,35.6,93,99,1
11.2,18,0,65,40,1
5.1,24.5,0,75,40,0
15.7,24.3,0.2,66,73,0
9,22.1,0,51,29,0
14.4,32.8,0,55,23,1
7.5,19.3,0,43,32,0
19.4,34.8,0,71,35,1
17.6,29.1,0.8,55,52,0
25.8,33.4,0,84,67,0
7.7,24.9,0,54,42,0
13.5,25.4,0,36,33,0
5.8,10.8,6,97,89,1
14.6,27.7,0,57,53,0
12.9,16.1,16.8,93,83,1
17.2,25.6,1.6,66,49,0
14.8,21.7,0,72,76,1
10.3,16,0.2,78,71,0
5.7,22.1,0,62,34,0
24.3,33.5,0.4,58,42,0
4.6,17.6,0,40,29,0
14.5,21.8,0,74,62,1
10.6,17.4,35.6,91,77,1
4.5,19.5,0,53,29,0
5.1,14.3,0,81,61,0
25.3,29.7,53.2,94,83,1
9.9,24,0,34,37,0
17.7,30.3,0,29,48,0
7.6,22,0,62,46,0
4.8,14.8,0,83,54,0
10.8,15,0.4,82,74,0
7.7,21.9,0,50,28,0
5.8,24,0,51,45,0
17.9,26.7,7.2,80,69,1
0.6,14.1,0.4,71,54,0
11.3,19.7,10.6,67,45,0
18.7,27.4,2.8,71,59,0
11.5,22.4,0,47,50,0
13.9,39.4,0,32,14,0
13.3,23.7,0,61,46,0
14.3,34.7,0,71,28,0
5.6,23.5,0,63,21,0
15.1,26.2,0,84,75,0
16,31.6,0,79,39,0
25.5,31.8,0,81,69,0
4.1,10,0,87,94,0
24.6,35.5,0,67,54,0
18.9,24.2,0,60,64,0
18.7,19.8,0,62,86,1
20.1,23.4,0,83,84,0
20.2,28.7,0,76,66,0
13,19.7,4.2,76,54,1
13.4,31.7,0,81,33,0
21,36.6,0,32,28,0
7.4,19.1,0,85,67,0
12.3,20.3,0,79,51,0
9.6,22.5,0,73,49,1
19.7,26.2,0.4,73,44,0
13,25.9,0,72,65,0
12.6,29.6,0,53,27,0
-2.2,15.9,0,98,55,1
15,19.9,0,78,81,1
8,15.2,7.4,69,48,0
6.7,15.1,0.4,89,42,0
13.4,19.1,0.2,72,60,1
17.4,27.7,0,88,54,0
11.8,26.9,0,72,33,0
19.6,24.2,35.4,97,94,1
-1.6,14,0,85,48,0
-1.5,5.9,0,25,72,1
2.5,27.3,0,47,24,0
11.1,16.9,5.2,71,57,0
6.8,11.4,0,61,51,1
20,25.3,0,83,80,1
14.8,20.5,0,63,63,0
10,28.5,0,41,80,1
10.9,19.1,0,65,62,0
5.8,16.9,0,82,56,0
9.3,14.3,0.6,75,81,0
10.2,14.9,10.4,88,99,1
-2.7,1.2,1,97,98,0
1.8,14.5,0.2,74,49,0
9.3,22.5,0,93,67,0
19,25.7,0,46,37,0
4.3,13.9,0,78,62,0
6.4,11.1,1.4,99,85,1
19.2,28,0,90,78,1
18.5,24.2,0.6,93,89,1
7,19.5,0,71,52,0
10.4,20.1,0.2,81,66,0
12.4,21.2,0,64,58,0
9.9,17.1,0.8,92,68,0
7.5,16.9,0,72,55,0
11.4,23.3,0,85,39,0
13.9,19.2,0,88,89,0
10.5,17,0,56,55,0
8.5,18.8,0.4,100,64,0
5.3,17.8,0,50,37,0
9,25.7,0,34,30,0
1,12.6,0.2,85,54,0
11.8,25,0,52,24,0
12.6,20.7,0,84,66,0
-1.3,12,0.1,100,61,0
1.9,12.1,1,99,66,0
0.8,19.3,0,55,27,0
7.6,21.5,0.8,44,41,0
12.3,17.9,4,81,76,0
11,19.1,8.4,82,65,1
25,31.5,0,77,73,1
9,24.5,0,49,44,0
4.8,16.2,7.2,52,40,0
9,17.3,52.8,67,48,0
20,24.9,31,91,84,1
17.4,28.4,28.6,87,61,0
6.4,20.9,0,73,49,1
17.9,33.9,0,45,15,0
3.2,19.2,0,96,55,1
17.8,20.3,34.2,87,87,1
12.6,26.3,0,75,34,1
19.2,21.2,0,84,77,0
17.9,25.3,0,65,64,0
5.4,19.6,0,76,50,0
-0.2,13.1,1,97,58,0
13.7,25,0.6,55,44,0
6.3,18.1,0,60,53,0
3.2,16.1,0,88,50,1
-0.8,16.2,0,82,45,0
4.2,20.7,0,77,50,0
20,20.1,33,99,96,1
7.9,12.7,4,100,66,0
6.9,13.9,26.4,82,66,0
16.7,21.2,0,68,68,0
13.2,27.9,0,37,11,0
13,20.2,0.2,79,52,0
14.2,24.1,0.8,68,55,0
-0.8,10.5,0,83,71,0
4.8,22.1,0,66,55,0
6.6,7.5,0.6,59,69,1
13.3,25.9,31,52,33,0
20.7,29.1,0,58,34,0
19.7,22.7,0,58,54,0
20.5,25.4,25,88,77,0
4.4,26.5,0,50,26,0
4.7,14.5,0,78,48,0
6.4,13.9,0.4,92,47,0
17.2,34.6,0,45,20,0
5.7,21.6,0,70,53,0
11.2,19.2,0,72,57,0
18.5,36.8,0,39,25,0
19.6,29.9,0,63,50,0
18.4,27,0,65,53,0
21.8,26.5,0.2,42,52,1
-1.7,3.7,0.2,61,89,0
7.1,21.7,0,52,26,0
2.5,7.7,2,100,61,0
14.2,26.5,0,62,63,0
14.6,25.2,0,100,53,0
10.5,18.4,0.2,58,42,0
18.6,34.7,0,17,20,0
16.6,22.3,0,70,56,0
8.5,18.1,3.6,96,72,0
20.4,29.1,2.2,58,46,0
23.3,41.7,0,16,15,1
13,27.3,0,49,21,0
8.3,20.9,0,42,46,1
7.2,24.8,0.2,68,27,0
7.9,20.1,0,71,47,0
9.7,25.9,0,38,24,0
13.3,25.2,0.8,66,44,0
19.9,21.5,0.2,89,77,1
10.1,19.2,7.8,88,74,0
19.6,35.7,0,50,21,0
22.7,25.9,0,76,66,0
16.7,27,0,64,55,0
16.5,29.6,0,70,50,1
1.5,14.2,0,86,50,0
11,25.5,0,81,66,0
17.7,36.4,0,34,15,0
1.1,12.7,0,69,52,1
2.3,15.3,0,86,67,0
6.8,12.7,0,72,61,0
10.6,17.2,0,41,28,0
17.7,26.1,7.2,83,58,0
14.6,26,0.2,89,59,0
8.3,28.9,0,28,15,0
22.8,39,0,25,17,1
10.9,23.3,0,60,37,0
8.6,16,6.2,73,64,0
13.4,14.4,10.8,94,58,1
9.7,18.4,0.2,51,42,0
17.7,19.4,39,100,100,1
10.4,17.5,2.6,52,54,0
6.6,17.6,0.4,64,30,0
4,15.5,0,63,45,0
7.6,11.3,29.6,82,90,1
17.5,24.8,0,76,53,0
9.9,18.9,1.2,87,64,1
11.5,25.3,0,73,56,0
9.3,16.4,1.6,84,63,0
16.2,25.5,0,69,74,1
6.1,14.3,0.4,55,42,0
18.5,24,11.2,91,88,1
10.6,26.7,11,79,30,0
11.3,26.6,0,46,38,0
13.5,22.5,0,63,60,0
9.5,26.5,0,48,43,0
18.3,26.5,0.8,81,46,0
3.9,16.9,0,70,54,0
8.2,13,5.4,72,73,0
3.4,21.4,0,64,31,0
9.1,20.8,0.2,98,70,1
20.5,32.3,0,70,52,0
13.6,21.8,0,86,81,1
10.1,20.6,0,51,31,1
21.6,29.7,0,61,60,0
12.5,15.7,0.2,98,98,0
15.7,24.6,7,72,70,0
7.5,26.7,0,49,15,0
8.2,23.2,0.2,99,50,0
14.7,30.6,0,52,30,1
27.5,41.4,0,60,66,0
9.4,14,0,91,79,0
16.4,27.3,0,62,57,0
13.9,28.6,0,46,25,0
11.7,35,0,43,16,0
21.2,25.1,0,78,76,0
0.4,12.7,0.2,97,71,0
7.6,13.5,0.2,74,66,0
17.2,34,0,55,30,0
10.1,18.7,0.2,88,61,0
26.5,34.8,0,62,54,1
19.2,22.8,0,71,63,0
18.6,24.5,0.8,75,64,0
0.8,10.1,11.8,85,82,1
9.6,19.5,0,86,66,0
16.2,20.2,0,75,72,0
17,24.5,0,63,63,0
6,19,0,100,38,0
25.5,33.9,0,68,56,0
6.3,13.2,1,72,65,0
18.4,27.5,0,56,43,0
3.4,16.3,0,64,46,0
18.1,25.3,0,70,54,0
4.5,14.5,0,77,93,1
8.5,25.1,0,45,26,0
20.3,25.9,0,71,51,0
3.7,19.8,0,47,29,0
1.5,15.5,2.6,82,41,0
7.7,15.5,0,71,53,0
8.7,29.7,0,52,17,0
9.3,23.9,0,54,63,0
15.6,20.8,0,56,50,0
7.4,16.7,0,87,58,0
21.7,33.5,2.2,67,41,0
9.3,14.9,0,77,75,1
12,34.5,0,40,11,0
10.9,20.7,0,50,30,0
14.3,25.8,0,59,40,0
12.7,18.5,0.2,53,56,1
19.2,25.6,0,83,91,1
13.9,24.4,0.2,58,51,0
25.6,36,0,63,33,0
6.7,13.4,7.4,95,88,1
21.8,31,2.8,80,65,1
18.6,32,40.2,62,61,0
17.9,27.6,0,77,63,0
6.7,15.8,0.2,55,54,0
14.3,26.8,0,58,39,0
3.5,13.8,0,92,65,1
-0.5,18.9,0,92,39,0
16.2,27.1,0,72,54,0
18.8,31,0,49,32,0
21.7,37.4,22,59,32,0
20,31.5,0,14,12,0
13.4,23,0,85,83,1
21.9,32,0,27,27,0
15.3,28.3,0,43,23,0
14.5,18.5,0,52,52,0
8.1,13.7,1.8,74,79,1
4,20,0,62,51,0
5.7,24.7,0.2,71,27,0
9.8,17.7,0,96,68,0
8.6,20.1,0,85,62,0
4.4,19.8,0,79,38,0
11.7,19.4,1.2,73,58,0
20.5,30.2,2.8,79,49,0
10.1,20.3,8.5,95,63,0
10.4,19.9,0.2,79,64,0
14,29.2,0.2,80,47,0
13.2,21.5,0,71,50,0
22.7,29.9,0,59,87,1
16.5,22.1,0.4,94,81,0
24.6,31.4,0.6,73,83,0
15.8,21.6,0,73,61,0
17.3,27.6,0,67,62,1
-2.3,15,0,72,25,0
7.6,18.3,6.6,81,52,0
21.1,30,0,65,71,0
6.5,17,0,86,83,0
9.2,19.7,8.4,89,84,0
18,24.4,0,77,66,0
0.1,13.8,0.2,97,63,0
6.9,15.8,0.2,98,72,0
14.5,26,0.2,73,57,0
5.7,18.4,0,69,51,0
20,38.8,0,41,7,0
14.1,17.5,4.4,96,81,1
3.2,24.1,0,53,33,0
21.2,31.8,0.2,56,47,0
12.3,24.6,0.6,96,46,0
5.7,22.7,0,41,19,0
21.7,28.4,2.6,81,65,0
17.6,20.6,0,68,56,0
15.9,23.1,2.4,84,32,0
1.3,11.2,0.4,80,52,1
17.4,24.9,0,63,57,1
5.1,20.6,0,99,35,0
19.7,37,0,45,22,0
11.1,29.9,0,56,43,0
11.1,18.7,0,68,42,0
17.9,28.9,0,52,31,0
10.3,12.5,2.6,83,90,1
12.8,30.6,0,100,25,0
16.8,26.2,0,76,61,0
3.2,21.5,0,63,35,0
18,33.9,0,26,18,0
6.6,20.2,0,39,50,1
17,20.2,0,57,47,0
13.8,19.1,0,57,58,0
16.5,22.5,0,77,54,0
10.3,28,0,66,32,0
8.3,17.7,0.8,48,40,0
0.4,16,0,99,47,0
8.6,15.5,0.6,88,91,1
2.9,18.5,0,99,66,1
15.5,25.4,0.2,84,45,0
5.7,20.1,0,95,53,0
5.6,25.7,0,74,42,0
23.3,29.2,6,89,73,1
16.9,30.8,0.2,83,36,0
3,17.4,0,79,47,0
3.5,20.8,0,60,64,1
9.3,17.4,2,74,39,0
7.8,15,0.4,80,44,0
10,21.1,0.2,65,42,0
20.2,28.8,0,73,55,0
10.6,16.1,12.8,82,60,1
10.7,24.3,0.4,59,53,0
4.3,22.3,0,97,43,0
17.1,32.5,0,61,15,0
8.4,18.7,4.2,78,61,0
25.8,31.7,1.4,70,67,1
10.7,23.4,0,77,46,0
0.4,4,5.6,97,97,1
7.4,20.5,0,43,29,0
8.2,22.1,0,72,46,0
5.3,17.2,0,76,36,0
6.9,19.3,0,66,59,0
7.6,17.9,2.8,65,59,0
21,25,3,81,74,0
5.8,19.8,5,100,51,0
8.7,22.2,0,98,67,0
15,32,0,37,15,0
-0.5,18.1,0,59,25,0
12.4,28.9,0,78,37,0
14.8,28.1,0,58,36,0
20.9,33.7,0,71,28,0
19.7,28.3,0,79,55,0
2.6,16.5,1.6,74,63,0
13.6,18.8,0.2,72,61,1
10.5,13.2,0,97,81,0
5.7,28.2,0,39,23,0
-0.3,15.9,0,95,56,1
12.8,20.1,0,53,37,0
8.6,17.5,0.2,74,82,0
19.8,33.5,0,69,32,0
17.2,39.7,0,9,7,0
3.6,10.7,0,47,65,0
19.1,24.8,68.2,94,74,1
15.5,21,0,31,39,0
13.8,15.3,0,87,79,0
15.3,22.6,0.2,89,71,0
20.7,37.5,0,38,64,0
10.7,24.5,0,75,48,0
24,37.8,0,16,11,0
13.8,29.2,0,84,46,0
-1.1,13.1,0,95,48,0
7.7,20.2,0,62,48,0
3.5,18.4,0,87,44,0
1.4,3.8,0,98,100,1
5.8,19.6,0,96,56,0
3.8,19.7,0,69,44,0
23.9,32.5,2.8,68,60,0
2.1,17,0,100,52,0
10.2,16.9,0.2,93,85,0
15.6,24.5,2,58,34,0
11.8,19.7,0,64,45,0
8.4,14.8,0.2,83,87,0
6.8,11.7,0,73,70,0
6.4,18.6,0,68,41,1
15.9,27.5,0,59,64,0
17,25.1,1.2,75,77,0
6,22.3,0,48,28,0
15.5,36.1,0,32,26,0
17.9,26.8,0.2,79,68,0
4.1,27.7,0,15,6,0
10.2,36.1,0,40,15,0
14.2,21.3,0,60,31,0
12.3,25.9,0,59,44,0
9.7,20.6,0.4,51,42,0
23.8,33.3,0,53,35,0
7.1,19.4,0,70,45,1
24.3,33.5,0.4,84,91,1
12.8,17.9,0.8,78,95,1
17.1,27.3,0,74,68,0
11.1,15,11.8,91,58,1
6.8,14.8,2,75,66,1
15,31.8,0,49,21,0
6.5,14.3,2,100,65,0
20.2,26.2,0,80,60,0
14.6,19.7,2.4,60,60,0
2,12.2,0,60,94,0
15.9,34.1,0,25,11,0
3.6,14.2,0,93,73,0
17.4,23.4,2.2,73,51,0
-0.6,16.7,0,69,40,0
11.3,26,0,87,46,0
4.6,16,0,60,53,0
8.2,27.3,0,58,20,1
5.7,21.2,0,84,33,0
14.4,28.4,0,89,50,0
6.7,20.3,0,65,51,0
15.1,28.8,0,96,62,1
15.8,19.8,164.2,96,89,1
19.4,31.6,7.4,93,48,1
19,24.5,5,73,47,0
5.5,26.4,0,25,11,0
3.8,18.3,0,73,37,0
21.8,30.1,0.8,65,55,1
10.8,16.1,0,75,61,0
5.6,25.9,0,40,16,0
11.8,21.7,0.2,84,72,0
-3.1,16.3,0,66,29,0
13.3,20.1,0,46,29,0
22.5,29.7,0.2,63,79,1
13,25.5,0,40,30,0
22.4,32.9,1.6,60,48,0
10.5,17.6,3.4,80,53,0
9.9,20.9,0,54,44,0
19.3,22.8,0.2,73,49,0
22.9,27.1,0,78,72,0
15.6,33.2,0,47,24,0
19.5,26.8,0.2,65,72,1
20.2,24.5,0,69,74,0
7.5,25.3,0,63,34,0
20.6,26.8,0,58,57,0
14,40.4,0,45,13,0
18.4,37.7,0,71,27,0
19.5,40.6,0,82,28,0
6.5,16.4,0,83,38,0
13.3,31.8,0,42,27,0
12.5,29.7,0,73,39,0
11.4,23.2,0.2,78,44,0
19.1,23.4,1.8,79,83,1
15.1,19.9,10,80,77,0
20.7,28.2,3.2,60,61,0
18.5,29.9,0,53,26,0
13.2,30,0,73,37,0
6.2,19.4,0,71,52,0
27.9,33.1,1.4,74,61,0
23.6,29.4,0,88,88,0
10.3,15.5,0,74,90,1
15.3,21.7,0.8,82,65,0
0.9,15,0.2,93,50,0
16.1,27.5,0,54,53,0
9.4,24.3,0,73,28,0
7.4,14.3,1.2,94,92,1
6.6,12.4,3.4,91,68,1
12,26.6,0,53,38,0
15.5,22,7.8,74,38,0
12.3,26.7,0,36,22,0
24.7,31.9,0.2,72,73,0
14,23.1,0,76,53,0
10.5,13.7,2.8,94,57,0
15.5,40.1,0,15,11,0
16.6,24,1.2,59,23,0
19.2,27.8,2,100,45,0
17.4,33.7,0,38,27,0
16.5,29.4,0,65,65,0
15.1,22.3,0,56,42,0
5,12.1,0.4,88,58,0
21.5,32.9,0.4,60,54,0
12.1,24.4,3.1,69,74,0
9.9,25,0,67,42,0
13.4,26.4,0,36,30,0
12.4,22.6,5,82,54,0
3.7,13.7,0,83,62,0
10.1,20.7,0,71,61,1
14.6,23.7,0,59,45,0
16.7,24.4,8.2,89,63,0
9.6,16.9,0.4,100,94,0
22.2,42.1,0,38,14,0
15.8,26.7,0,62,53,0
24.1,30.2,26.8,94,79,1
8.2,22,0,76,54,0
26.8,33.2,1.8,78,99,1
-0.6,16,2,98,64,1
9.4,19.8,0.4,68,62,0
-1.5,10,0,57,47,0
18.8,37.6,0,41,17,0
14.6,19.1,9.8,1,1,0
0.2,17.7,0,90,37,0
14.3,20.9,9,67,98,1
4,19.1,0,69,46,0
6.3,13.6,0.2,95,97,1
11.2,20.7,0,88,99,1
5.9,18.1,0,65,51,1
18.2,28.1,0,64,51,0
9.5,23.6,0,61,36,0
16.5,26.8,0,64,48,0
1.4,19,0,70,44,1
5.4,20.8,0,78,61,1
10.9,23.8,0.4,69,46,0
11.7,18.3,16.4,93,76,0
19.8,38.3,0,9,5,0
2.7,27.5,0,35,18,0
16.6,29.1,0,66,53,0
10,18.4,0,42,37,0
9.8,20.6,0,58,43,0
11.7,16.4,3,83,60,0
-0.2,15.1,0,93,39,1
11.4,16.3,0,73,67,0
23.8,31.3,22.6,91,72,0
8.2,12,4.2,87,89,0
17,30,0.6,58,45,0
19.5,32,0,45,45,0
7.1,13.1,0.2,76,67,1
19.7,21.7,7,97,95,1
0.2,14.6,0.1,90,54,0
17.8,24.7,2.4,70,59,1
19.2,24.4,0.6,64,61,0
7.2,13,0,81,59,0
17.4,23,0,79,94,1
7.2,24,0,56,31,0
7.6,18.5,9.8,94,60,1
5,11.8,0.4,95,76,1
7.6,19.5,0.2,99,57,1
12.9,22.4,1.8,84,45,0
19.9,28.3,10.6,78,66,1
14.8,22,0.8,91,75,0
20.7,27.3,8.6,61,77,0
11.6,20.4,0,61,52,1
-1,15,0.2,95,48,0
16.3,23.2,2.2,83,64,1
6,12,4.4,98,99,1
5.9,14.8,0.2,74,59,0
25.1,32.1,0,70,64,0
6.2,22.2,0,94,46,0
22.5,39.4,0,16,4,0
24.9,31.5,2,71,75,1
9.1,21.4,0,53,34,0
18.5,24.9,0,63,61,0
5.8,13.5,0.2,92,70,0
6.5,13.7,0.2,51,57,0
13.2,19.1,3,62,54,0
22.4,33,0,61,49,0
14,15.7,14.8,96,93,1
6.5,14.8,0,87,67,1
28.5,44,0,8,9,0
4.4,18.3,0.4,98,59,0
23.3,37.8,0,41,13,0
13.5,19.6,26.2,91,58,0
20.3,24.4,3.4,80,91,1
18.2,25.9,0,80,47,0
15.9,26.1,0,66,60,0
7.8,15.4,0.4,76,53,1
-2,14.9,0,75,52,0
11.4,18.6,42,80,86,0
0.2,11.3,0.4,98,89,1
4.6,12.3,9.2,88,60,1
21.1,29.7,0,57,63,0
10.3,21.3,9.8,59,46,0
12.7,17,12.8,63,63,1
11,19.5,0,88,72,0
10.5,17.3,4.6,83,43,0
15,17.3,43.4,81,72,1
19.9,31.7,0,68,32,0
16.2,23,0.8,46,31,0
13,18.5,7.6,92,93,1
16.8,33.2,0,56,32,0
4.7,20,0,78,38,0
10.8,30.3,0,48,30,0
23.7,32.7,91,90,65,1
15.4,30.1,0,60,38,0
19.1,27.5,0,58,70,0
15,17.9,0,54,60,0
17.7,34.8,0,78,27,0
11.1,25.3,0.2,47,32,0
11.4,22.6,0,76,48,0
5.9,17.4,0.2,100,71,0
12.3,33,0,51,20,1
12.4,24.8,0,71,41,0
5,14.2,0,75,51,0
16.1,31.7,5,83,47,1
7.3,20.7,0,77,29,0
15,22.2,0,56,56,0
9.6,20.9,1.4,67,47,0
10.8,24.4,0,75,51,0
6.8,24.8,0,73,26,0
5.1,19.1,0,71,53,0
3.4,15.7,0.2,100,65,0
12.5,20.4,0,90,55,0
14.3,29.5,0,39,25,0
11.3,21.9,0,70,57,0
19.9,31.2,10.6,67,72,1
21.5,35.1,0,39,28,1
8.5,14.3,2.2,87,60,1
14.9,23.8,0,76,82,0
17.6,24.2,0,49,42,0
15,30,0,70,36,1
10,32.9,0,39,35,0
17.9,24.9,0.2,84,78,1
4,18.7,0,68,45,0
6.1,27.9,0,36,12,0
15,21.5,0,84,78,0
10.5,25.4,0,68,34,1
3.5,19.1,0,100,58,0
9,23.1,0,58,46,0
5.8,12.7,1.4,74,61,0
1.2,4.6,21.4,98,98,1
21.8,31.2,0,41,46,0
13.3,16.4,7.6,69,53,0
15,23.5,0,78,66,0
20,26.1,3,92,68,0
14.6,20.8,0,45,92,1
18.6,29.8,46.4,98,57,0
-0.8,15.8,0.2,70,57,0
20.3,31.5,0,53,43,0
10.4,12.6,24.2,55,68,1
15.8,29.1,0,39,39,0
9.9,17.5,0,49,53,0
12.7,17.5,0,81,72,0
11.4,19.1,0,50,36,0
10.6,16.9,0,45,43,0
4.2,14,0,74,44,0
1.8,5.9,0,98,98,0
9.4,24.1,0,68,35,0
11.7,19.2,11.2,93,66,0
14,17.8,0.2,53,61,0
10.7,31.7,0,20,9,0
13.2,20.8,0,64,62,0
7.7,26.5,0,27,12,1
14,25,0,76,37,0
9.9,17.5,2.6,63,57,0
1.1,10.2,0.2,59,69,1
7.4,24.3,0,85,45,0
11.3,23.5,0,57,29,0
21.7,35.2,0,37,26,0
5.4,17.1,0,89,54,0
9.4,14.6,0,37,27,0
20.7,33,0,47,24,0
-0.2,16,0,80,53,0
6.3,22.7,0.4,56,36,0
10.6,16.3,0,54,59,0
4.8,12.3,2.6,87,68,1
3.2,13.4,5,77,65,0
16.6,26.4,6.6,74,50,0
5.7,22.2,0,77,50,0
7,18.7,1.4,95,73,0
13.6,22.5,0,69,50,0
16.9,30.3,14,92,41,0
5.6,16.8,0,86,35,0
19.8,41.8,0,44,13,0
22.8,33.6,1.6,92,93,1
12.4,24.4,0,74,48,0
7.5,28,0,51,24,1
12,14.2,0,75,63,0
14.2,21.1,0,75,62,1
13.1,17.1,0,73,58,0
20,25.1,0,80,56,0
25.2,32.6,1.6,63,67,0
16.8,38.1,0,25,11,0
20.4,24,0,42,49,0
17.2,33.7,0,53,24,0
4.6,21.7,0,63,34,0
9.1,32.1,0,46,15,0
9.6,20.9,0,62,35,0
16.9,32.9,0.2,70,26,0
14.6,25.1,0,72,74,0
11.2,28,0,67,36,0
17,21.6,0.8,79,68,1
0.5,13.4,0,99,56,0
4.2,11.7,4.6,91,67,0
20.8,28.8,15.2,93,76,0
9.4,19.8,2.6,77,77,1
17.5,22.7,2.6,60,57,0
10.2,22.9,0,50,50,0
16.8,27,10.8,68,45,0
4,16.1,21,77,65,0
10.5,15.2,0,84,64,0
8.7,20.4,0,98,44,0
15.2,23.6,0,70,68,0
15.1,23.7,21.2,94,51,1
7.3,15.2,0,63,50,1
9.3,33.1,0,58,15,0
20.7,28.9,58.4,84,79,1
9.7,14.4,2.8,100,100,1
7.3,19.2,0,47,40,0
11.8,18.5,0.2,75,52,0
12.6,23.5,0,51,22,0
9.3,16.4,0,60,44,0
1.7,19.2,0.6,70,49,0
15.3,22.1,0,69,59,0
7.4,17.7,0.2,73,55,0
10.8,23.5,0,49,25,0
13.1,20.3,0.2,53,45,0
15.7,25.9,0,68,85,1
13.2,25.1,0,65,62,0
8.8,13.6,0,79,59,0
-3.3,12.3,0.8,76,51,0
16.4,29.9,2,61,46,1
8,26.8,0,96,44,0
13.9,37.5,0,39,17,0
15,28.8,0,83,53,0
7.4,17.6,2,100,64,0
16,34.3,0,19,10,0
16.9,28.1,0,77,71,0
12.9,19.2,48.4,94,90,1
13.2,29.7,0,30,21,0
10.2,18.8,4.6,79,53,0
21.7,29.7,0,77,71,0
20.7,31.3,3.6,79,53,0
9.3,13,0,82,72,1
18.6,40,0,70,20,0
16.5,22.6,0,62,72,0
10.1,15.6,16.2,94,66,1
7.7,13.3,0.2,86,75,0
7.5,17.8,0,59,33,0
17.6,36,0.8,64,26,0
4.6,19,2.2,60,45,0
0.5,15.6,0.2,88,49,0
12.8,22.7,0,55,55,1
16.2,25.3,0,47,45,0
3,17.5,0,72,36,0
2.3,18.6,0,100,57,0
23.8,29.2,15.8,86,80,1
9.6,19.9,0,46,25,0
11.7,29.4,0,36,53,0
18.9,30.6,0.2,40,32,0
-0.2,17.4,0,63,30,0
17.4,26.7,0.2,60,41,0
20.7,27.9,1.6,99,84,1
10.1,31,0,63,23,0
4.2,17.2,0,67,37,0
16.6,26.1,8,91,57,1
18,25.3,0,62,68,0
8.2,20.2,0.8,86,58,1
22,30,3.2,77,69,0
13.3,22.2,0.2,56,33,0
6.9,17.3,0.2,56,56,0
1.1,21.3,0,90,31,0
19.8,35.8,0,21,43,0
21.6,29.6,0,69,67,0
18.1,27.5,0.6,70,57,0
0.8,20.5,0,70,24,0
-2.4,14.4,0.2,99,60,0
19,33.7,0,63,36,0
10.2,33.6,0,52,25,0
1.9,16,0,58,37,0
6.6,26.8,0,63,23,0
14.1,25.1,0,64,53,0
1.8,13.9,0.2,95,55,0
6.4,12.4,0,78,77,0
21.9,32.3,0,66,58,0
21.9,39.1,0,50,27,0
16.4,28.6,1,49,34,0
15.2,23.6,4.8,98,43,0
9.5,12.8,22.2,93,83,1
-0.1,11.5,0,98,78,0
7.4,15,2.6,79,56,0
20.6,26.1,0,57,54,0
4,20.1,0.2,74,37,0
6.9,13,1.2,95,86,0
3.3,17.1,0.6,99,45,0
20.9,43.8,0,78,19,0
16.2,30.2,34,65,56,0
12,26.3,25.6,67,40,0
18.6,39.7,0,66,12,0
9.7,17.3,1.6,84,50,0
21.5,33.4,0,22,16,0
7.2,19.2,0,71,33,0
-0.5,11.8,0.2,99,64,0
23.1,36.2,0,31,19,0
9.6,16.6,0,99,100,1
2.3,17.9,0,99,48,0
21.9,28.1,41,92,66,0
7.1,25.7,0,54,22,0
15.4,24.2,1.8,70,51,0
6.8,22.2,0,61,41,0
10.1,21.9,0,62,47,0
22.6,39.8,9,60,17,0
0.9,14,0.2,98,73,0
18.1,30.9,17.2,64,71,0
17.3,25.4,0,72,58,0
3.7,16.1,0.2,95,61,0
13.5,23.7,0,51,43,0
12.3,16.5,0.2,78,90,0
23.4,30,0,70,57,0
0.5,17.7,0,97,44,0
9.5,38.1,0,15,9,0
12.6,18.2,3.6,54,50,0
12,17.5,22.2,64,66,1
9.6,14.7,27,85,71,1
21.2,28,0,55,55,0
9.4,16.5,0,56,80,1
14.9,31,0,49,24,0
12,26.6,0,77,48,0
23.3,27.6,53.4,93,78,1
14.3,29.3,0,51,35,0
6.7,19.5,0,75,45,0
4.4,20.5,0,79,48,0
20.1,33.5,19.2,91,48,0
13.7,23.3,0.4,70,51,0
18.6,28.4,2.6,68,65,1
10.3,14.7,3.2,94,76,1
20.2,24.5,0,70,67,0
19.8,29.2,0,52,65,0
12.4,22,0,67,74,1
9.8,14.4,0.2,64,55,0
1,15.9,0,67,54,0
21.2,41.8,0,26,19,0
3.8,17.8,0,68,45,0
12,18.8,0,63,42,0
19.9,28.1,0,73,55,0
5.9,19.4,0,94,46,0
21.1,32.7,0,24,26,0
11.2,23.9,0,45,44,0
20.7,26.8,0,63,79,1
6.2,24.9,0,37,17,0
1.3,17,0,65,52,0
0.7,14.7,0,68,48,0
8,20.3,0,90,48,0
1.1,16.7,0,94,62,0
13.8,26.2,0,56,31,0
12.9,27.5,0,55,28,0
14.1,22.4,1.4,82,48,0
14.3,25.8,0,78,74,0
16.1,27.2,0,56,65,0
6.1,14.4,0.6,99,91,1
11.1,25.6,0,69,73,0
18.3,21.8,0,65,66,1
14.2,19.8,15.2,94,78,0
9.1,28.1,0,22,10,0
10.5,25.9,0,67,42,1
18.4,34.7,0,34,15,1
16.8,25.4,1.6,83,72,1
16.2,31.5,0,21,12,0
2.9,13.3,0,75,52,0
3.3,22,0,41,18,0
2.6,11.6,0,88,75,1
18.5,26.9,11.8,68,63,0
20.9,24.1,0,67,69,0
4.9,13.8,1,93,64,0
1.9,18.2,4.8,83,55,0
11.7,34.3,0,50,17,1
21.2,31.7,0,48,38,0
12.2,20.6,0,71,68,0
3,11.7,0.8,79,65,0
8.8,29,0,60,26,0
5.8,20.2,0,83,56,0
15.6,27,0,88,49,0
3.3,25.5,0,31,18,0
12.5,28.4,0,71,31,0
8.5,21.3,0,62,56,0
14.7,29.2,0,66,38,0
19.9,36.2,0,38,20,0
17.7,27.2,2.6,69,48,0
4.4,21.5,0,40,20,0
8.9,33.2,0,53,7,0
10.5,16.1,2.4,81,71,1
7,19.2,0,98,69,1
19.3,35.4,0,45,18,0
16.5,20.3,5.8,90,88,1
11.2,14.4,2.8,89,80,1
8.4,17.5,0,52,40,0
20.7,35.3,0,56,29,0
7,15.5,0,67,59,0
18.8,36.6,0,72,41,0
19.4,22.4,60,100,100,1
5,20.3,0,74,43,0
19.2,24.8,0,83,59,0
7.2,20.1,0,49,31,0
6.4,13.8,4.2,84,65,0
13.4,31.1,0,51,20,0
6.7,23.9,0,55,32,0
11.9,24.3,0,87,52,0
16.7,31.5,0,20,20,0
20.9,40.7,0,26,8,0
19.1,38.5,0,43,17,0
20,25.8,0,68,65,0
16,33.7,0,70,28,0
9.2,23.3,0,64,24,0
15.1,22.4,0.2,94,53,1
19.2,26.5,0,34,39,0
4.2,22,0,71,42,0
17.8,26,34.4,80,65,0
15.6,25.3,0.8,72,51,0
3.2,21.1,0.2,72,49,0
8.1,19.6,0,58,46,0
14.1,21.7,28.4,98,83,1
9.1,16.5,2.2,65,42,0
0.3,15.6,0,60,38,0
6.6,16.9,0.2,87,52,0
23,31.7,5.2,66,74,1
14,29.4,0,64,31,0
7,18.4,0,76,39,0
11.9,25.4,0.4,92,45,0
22.4,31.5,7.8,57,49,0
9.1,28,0,42,16,0
7.2,18.9,0,71,37,1
7.7,12.5,4,98,92,1
23.2,30.8,1.2,70,84,1
19.3,28.8,0.2,69,54,0
19.5,34.8,0,72,38,0
23.8,29.8,22.4,79,72,1
13.3,29.7,0,71,40,1
11.2,19.1,0,56,61,0
14.9,22.8,0,66,52,0
23.9,41,0,8,12,0
11.9,20.2,4,69,78,1
14.7,26.4,0,67,58,0
12.3,23.2,0,53,44,0
17.4,32.5,0,73,56,0
5.8,13.5,0.1,89,79,1
17.7,28.1,10.2,89,66,1
8.1,12.9,1.4,90,82,1
13.7,37.2,0,15,7,0
19.4,27.4,0,60,29,0
18,29.2,0,81,50,0
15.8,20.7,0,80,67,0
17.7,26.3,3.8,87,64,0
29.1,34,0,78,71,1
7.8,16.5,3,68,54,0
12.9,25.7,7.2,94,39,0
9.5,23,0,70,40,0
22.3,28.7,0,91,100,1
14.6,18.3,2.8,72,73,1
16.6,33.8,0,64,29,0
2,13.2,0.2,98,55,0
13.1,25.8,0,69,52,0
9,14.3,0,80,65,0
6.2,10,24.6,74,82,1
8.3,27,0,59,41,0
7.9,15.7,28,94,94,1
18.4,28.9,0,30,8,0
11.4,27,0,48,24,0
5.4,13.7,0.2,95,79,1
10.8,19.5,0,64,59,1
19.8,34.2,2.2,45,25,0
12.9,25.8,0,39,32,0
5,14,0,98,66,0
9.1,23.7,0,99,61,0
2.3,17.5,0,73,38,0
12.7,23.3,0,51,30,0
13.7,30.3,0,54,39,0
12,30.4,0,95,32,0
11.5,33.9,0,45,13,0
1.9,16.2,0,85,39,0
5.2,15.5,0,78,58,1
16.1,38.3,0,42,21,0
9.5,18,0.2,56,41,0
14,21.8,0,73,52,0
22.6,33.1,0,76,44,0
6,16.6,0,85,64,0
28.7,34.9,0,73,74,0
11.2,18.3,0.4,79,69,1
6,19.2,0,47,32,0
14.3,22,1.7,67,67,1
3.9,19.9,0,88,59,1
9.9,17.1,0,56,68,1
13,26.5,0,78,38,0
23.1,26.1,39.2,92,91,1
10.6,27.3,0,59,30,0
2.7,19.2,0,35,17,0
11.3,17.1,1.2,73,91,1
20.1,28.4,0,77,63,0
14,26.1,0,68,31,0
11.1,23.1,0,61,41,1
4.6,18.6,0,58,34,0
19.9,21.2,0,84,82,1
8.1,24.7,0,59,31,0
0.2,17.8,0,100,50,1
14.1,36,0,74,18,0
6.8,18.2,8.8,47,45,0
9.2,17.2,0,63,75,0
16.8,24.7,7.6,68,64,0
7.9,26.8,0,66,34,0
6.4,15.5,0,77,66,1
10.9,18.1,0,63,72,1
9.7,26,0,45,24,0
18.9,23.4,14,96,95,1
-2,18,0,58,44,0
12.1,25,0,73,44,0
10,24.8,0,50,29,0
7.9,15.2,31.4,100,64,1
17,26.3,1.6,44,15,0
12.2,25.8,0,59,60,0
10.9,26.6,0,63,48,0
16,33.5,0,34,15,0
13.8,19.5,0,74,75,0
3.4,16.4,0,74,61,0
10.4,24.8,0,87,58,0
24.8,32.2,0.8,83,91,1
13.7,21.2,0,56,31,0
5.2,27.6,0,52,21,0
3.5,23.9,0,82,24,1
17.1,39.8,0,19,17,0
17.3,27.7,0,73,59,0
26.8,40.3,0,36,15,0
15.6,34.5,0,44,23,0
10.8,19.6,0,43,38,0
19.5,36.6,1.2,48,25,0
13.4,24.8,0,63,49,0
22.4,28.1,0,61,57,0
16.4,28.2,0,71,48,0
12.8,16.4,0,69,62,0
21,30.2,0,63,52,0
14,18.8,6.2,94,73,1
10.5,36.4,0,44,9,0
16.4,29.3,0,59,54,0
11.4,22.1,0,77,53,0
19.4,28.3,0,78,71,0
10,25.2,0,63,21,0
9.7,14.3,0,71,73,1
24.2,32.5,0,59,52,0
14.5,29.4,0,41,18,0
13.2,26.5,0,49,28,0
23.3,27,0,66,76,0
16.4,21.8,0,92,81,0
-0.9,13.7,0,85,49,0
17.8,24.5,0.2,68,56,0
17.2,23.7,0,83,64,1
17.3,32.7,0,59,21,0
12.8,20.6,0,88,69,0
14.1,21.1,1.6,54,34,0
2.3,17.3,0,61,40,0
17.1,21.6,0.2,88,62,0
9.7,15.5,0,69,54,0
6.8,20.7,0,80,47,0
4.5,16,0,66,37,0
19.7,27.9,1.2,58,56,0
13,26,0,54,43,0
7,13.3,0,82,69,1
18.8,24.6,28,83,77,1
1.1,18.4,0,83,31,0
0.2,14.9,0,74,45,1
8.6,20,0,57,49,1
14.8,28.8,0.2,59,39,0
8.5,20.4,0,37,39,1
24.7,31.3,0.4,74,93,1
13.9,19.7,0,74,63,0
11.5,30.6,0,70,41,0
11.1,21,0,47,39,0
3.4,18.4,4.4,79,52,0
11,18.3,0,62,49,0
1.6,17.2,0,77,51,0
18.7,30.9,1.4,99,49,0
18.5,32.7,28.8,64,35,0
5.7,16.2,4.2,89,45,1
5.4,9.4,5.6,97,94,0
0.9,16.1,0,75,42,0
23.3,32.6,0,68,38,1
10.1,19.6,12.2,96,55,0
3.8,12.9,0,97,59,0
24.2,31.8,0,69,67,0
6.1,17.2,0,74,57,0
-1.7,18.8,0,76,37,0
14.4,29,0,47,23,0
6.8,14.3,1,51,57,0
16,28.8,4.8,76,42,0
11.1,21.6,1.2,55,43,0
10.7,20.5,0,87,58,0
7.4,16.9,0,100,66,0
20.9,26.4,0,76,57,0
17.4,32.6,2.2,62,45,1
8.3,19.1,0,73,39,0
5.4,12.7,8.6,82,73,0
15.7,20.8,14.6,97,77,0
7.6,13,0,78,71,0
6.8,26,0,34,14,0
16.7,30.2,0,52,33,0
10.3,17.3,16.4,75,62,0
13.1,31.7,0,39,21,0
21.3,28.4,0,61,63,0
11.8,14.6,0,100,99,1
19,25,0.2,64,55,0
19.8,30.7,0,74,43,0
-1.4,12.5,0,83,48,0
9.4,20.3,0.6,94,68,1
9.1,15.3,0,46,60,0
13,17.2,5.8,100,99,1
8.4,19.7,0,66,49,0
8.2,23.9,0,61,32,0
13.1,15.7,1.6,76,88,1
3.1,16.9,0,100,63,0
15.4,33.1,0,48,39,0
25.2,32.8,4,69,83,1
10.8,32.1,0,42,23,1
5.5,15.8,3.8,96,95,1
10.2,17.8,0,57,91,1
16.7,36,0,6,7,0
13.7,28.5,0,46,24,0
14.4,24.7,0,65,54,0
10.3,13.1,19,97,93,0
9.4,19.4,1.8,51,36,0
7.3,20.8,0.2,77,49,1
6.1,22.6,0,49,41,0
12.4,22.4,0,82,65,0
13.8,18.6,22.2,90,68,1
5.8,17.3,0,69,70,0
14.3,23,0,67,51,1
14,29.3,0,51,64,0
4.5,15.8,0,86,63,0
16.4,30.2,0,33,81,0
12.1,28,0,50,28,0
20.3,27.6,0,72,57,0
15.7,22.5,5.8,90,65,0
13.2,20.3,0.2,59,49,0
23.7,33.1,2.6,71,47,1
8.5,11.5,0.3,91,73,0
19.4,25.5,0,71,72,0
21.9,29,0.2,74,76,0
-3.2,10.8,0,96,48,0
8,15.1,0.8,62,46,1
12,22.4,0,47,44,0
13.4,20.4,0.2,69,52,0
9.1,14.7,0,86,92,0
20.6,24.1,0,41,46,0
1.1,18.6,0.4,56,48,0
11.4,21,0,61,44,0
16.9,32.8,0,35,55,0
9.3,24.6,0,73,40,0
-1.2,23,0,50,15,0
13.3,17.1,1.6,58,53,0
13.1,21.9,0,75,52,1
10.7,27.3,0,52,36,0
20.9,23.8,0,89,88,1
1.3,19.5,0,49,33,0
14.1,23.4,1.6,48,28,0
12.3,17.5,0,63,38,0
2.1,21.7,0,51,31,0
7.7,14.8,0,46,85,1
15.2,21.6,1,40,47,0
2,16,0,92,59,0
7.8,16.9,0,81,57,1
6.1,23.4,0,52,34,0
15,36.3,0,30,8,0
12.7,21.4,0,63,31,0
24.5,31.9,0,62,79,1
11,16.4,8.6,96,86,0
5.9,14.3,0,91,54,0
10.2,19.5,0,53,42,0
17.7,35.4,0,71,48,1
8.9,19.8,9.8,79,36,0
15.8,21.9,1.4,51,41,1
11.9,28.7,4,100,36,0
16,33.1,0,58,34,1
12.4,18,2.6,77,73,1
0.6,17.7,0,84,37,0
17.6,25.3,0,62,62,0
24.2,30.8,0,74,61,1
17.8,20.5,0,88,93,1
20.1,27.7,0,70,55,0
12.3,23.1,0,75,70,0
11.8,24.1,0,55,53,0
17.5,23.3,0,70,57,0
14.4,33.3,0,77,35,0
12.2,19.5,6.8,96,79,1
24.8,29.6,0,76,87,1
20,30.4,0,60,54,0
18.2,25.7,4.4,89,64,0
14.7,38.8,0,3,4,0
19.9,25.4,0.2,71,62,0
11.3,15.7,1,89,67,0
17.6,33.7,0,55,20,0
4.1,21.8,0,78,32,0
11.5,22.9,5.8,74,59,0
4.1,11.9,2.2,90,83,1
2.4,18.1,0,68,43,0
9.2,18.4,7.4,70,50,0
12.8,27.5,0.2,89,52,0
1.2,15.9,0,61,19,0
6.6,14.3,0.4,97,67,1
15.2,27.8,0,47,52,0
13.2,18.2,11.2,77,74,1
14.3,21.2,0.2,39,29,0
7.4,20.9,0,53,48,0
17.7,20.1,0,88,99,1
11,29.3,7.4,46,28,0
6.4,12.9,17.2,73,57,1
9.8,20.1,0.4,75,58,0
7.2,15.9,27.6,89,84,1
13.1,29.4,0,75,50,0
8.6,19.4,0,79,64,0
1,6.6,6.6,100,98,1
2.9,18.2,0.2,97,38,0
6,17.9,0,43,33,1
6.2,15.6,0.6,70,63,1
19.6,32.8,0,37,19,0
16.5,21.2,43,96,42,1
23.3,34.3,0,65,43,0
18.9,26.6,3.4,75,64,1
14.2,23.4,0.2,31,21,0
20.6,22.9,21,96,92,1
18.8,36.5,0,64,23,0
3.6,10,0.6,100,93,0
0,7.9,1.4,100,99,0
0.4,18.6,0,81,37,0
17.2,26.9,0,53,37,0
8.5,22.9,0,50,46,0
16.9,22.7,0,73,70,0
5.7,25.1,0,47,21,1
22.3,26.7,0,84,77,1
2.1,7,10.4,97,97,1
19,27.1,5,67,57,1
17.8,24,0,98,63,0
11.4,16.9,1.2,89,70,1
8.7,19.6,0,46,33,0
12.7,20.2,0,33,30,0
17.2,34,0,62,16,0
19.4,33.5,0,26,20,0
18.2,37.2,0,87,25,0
16.2,33.9,0,45,19,0
12.7,15.4,8.8,93,89,1
19.5,28.5,0.2,84,59,0
7.2,24.8,0,59,25,0
13.6,32.4,0,76,47,0
7.2,13.2,1,99,64,0
-4,14.8,0,54,20,0
1.6,16,5,75,55,0
3.8,15.5,0,74,46,0
0.9,14.8,0,99,50,0
10.9,17.4,0,69,60,0
12.8,23.6,0,48,44,0
20.6,36.5,0,38,20,0
8.6,26.8,0,63,81,0
21.1,26.7,0,56,70,0
7.4,21.7,0,100,54,1
15.9,22,0,94,77,0
6.8,24.4,0,66,33,0
22.7,29.4,49.8,93,80,1
12.7,32.5,0.4,80,26,0
11.1,22.2,0,43,40,1
10.1,21.9,0,73,55,0
20.7,28.5,4.4,77,51,0
9.1,25.8,0,98,45,0
21.1,27.6,143.8,100,79,1
12.9,23,0,57,60,0
9.7,15.3,1.6,82,49,0
5.3,18.8,0,72,42,0
12.2,21.2,0,79,45,0
22.5,34.9,0,28,19,0
7.7,12.9,0,68,60,0
6.9,12.1,16.8,97,94,1
12.2,21.8,2,99,66,1
9.2,24,0,51,31,0
0.5,18.5,0,49,29,0
8.5,15.6,5.8,73,67,0
7.5,16.7,0,64,54,1
10.8,29.6,0,47,24,0
9.1,11.9,9.2,95,87,1
8.4,26.7,0,42,21,0
15.8,28.2,0,58,41,0
12.5,24.6,0,77,57,0
14.5,22.2,0.2,73,52,0
9.5,17.6,0,63,66,1
3,14.4,2.2,99,77,0
16.2,31.5,0,50,22,0
13.2,27.9,0,51,30,0
18,22,0.6,90,72,0
7.5,12.7,2.4,100,100,1
15.5,32,0,51,25,1
19,26.3,0,77,73,0
19.8,23.8,0,58,54,0
8.7,17.4,11,53,51,0
18.4,31.3,0,74,48,0
13.8,31.7,0,75,35,0
8.2,19.3,0,63,60,0
15,31.2,0,62,21,0
11.9,24.5,0,42,56,0
10,18.2,9.8,75,42,0
5,28,0,53,23,0
0.5,15.3,0,79,46,0
8,23.9,0,44,46,1
9.4,26.1,0,51,41,0
15.1,36.7,0,22,11,0
19.9,34.2,0,51,29,0
23.7,34.8,0,45,35,0
9.6,22.6,0,57,32,0
20.7,29.4,0,91,76,0
8.4,25.7,0,97,52,0
7.7,22.9,0,27,22,0
0.3,17.8,0,100,36,0
13.1,24.5,0,61,49,0
20,27.5,26.8,97,60,0
12.2,16.3,0.6,70,68,0
19,30.5,0.2,67,56,1
18.8,26.3,0,80,66,0
8.5,16.8,3.4,91,83,1
13.6,20.2,0,59,64,0
14.4,22.9,7,65,49,0
12.1,26.9,0,44,30,0
13.5,23.9,0,48,35,0
7.7,22.6,0,68,39,0
23.7,31.5,11.2,88,61,1
7.2,14.9,0.2,82,63,0
8.6,15.2,0,76,62,0
14.4,22,0,59,51,0
18.4,22.2,0,51,21,0
10.6,14.8,4,89,84,0
22.1,24.7,5,93,89,1
23.6,31.1,0,57,63,0
6.3,22.2,0,61,31,0
16.6,24,8.2,95,84,0
12.1,27.8,0,66,33,0
5.7,29.5,0,34,12,0
10.9,20,2.8,70,45,0
12.5,26.2,0,41,17,0
19.3,30,0,64,63,0
18.1,32.2,0,78,23,0
21.9,29.4,0,63,51,0
15.3,26.1,0,84,60,0
7.5,14.9,0,54,48,0
8.7,24.5,0.8,51,25,0
12.5,35.9,0,47,12,0
5.8,16.1,0,63,51,0
5.7,13.1,3.6,85,71,0
20.6,35.7,0,68,30,0
11.2,19.2,18.6,100,57,0
6.3,13.4,9.8,70,46,0
5,15.4,0,95,52,0
22.6,26.9,108.2,92,100,1
11.5,25.2,0,49,39,0
12.5,17.5,1,76,77,0
7.3,17.1,0,68,50,0
16.8,23.8,3.6,58,51,0
9.2,21.2,0.2,59,40,0
11,13.6,1.6,92,90,1
16.1,33,0,73,49,0
8.7,22.5,0,86,41,0
4,16.3,0,77,40,0
8,15.2,2.4,85,64,1
7.6,16.3,0.2,99,98,0
18.2,29.9,9.8,89,54,1
10.7,32.9,0,54,13,0
11.5,33.6,0,75,28,0
7.4,11.3,17.5,97,65,1
9,18.5,0.4,57,39,1
4.1,13.6,0.2,90,69,0
4.4,17.5,0,83,47,0
5.9,14.1,0.2,95,67,0
17.8,28.1,1,80,57,1
20.7,28.4,16.4,73,81,0
0.7,15.2,0,76,52,0
1.2,13.7,0,100,66,1
8.7,24.5,0,87,47,0
5.8,15,1.2,54,60,0
23.7,33.1,5,57,50,0
8.1,18.3,0,63,44,1
5.1,19.7,0,83,77,1
-0.3,13.8,0,87,48,0
15.7,32.7,0,47,21,0
10.6,17.1,8,81,68,1
18.2,24.4,11.6,82,69,0
17.1,40.6,0,65,20,0
10.1,18.8,2,98,95,1
13,20.4,0.4,99,54,0
18.2,36.3,0,21,11,0
22.1,28.9,0,64,78,1
0.5,10.1,0,94,63,0
9.7,18.1,0,32,31,0
8.9,20,0,91,56,0
18,25.9,0,70,60,0
16.5,28.9,0,88,44,0
15.8,32.6,0,87,36,1
10.1,14.5,6.6,58,79,1
-0.1,18.4,0,64,44,0
5.1,20.9,0,45,33,0
2.5,20.5,0,56,30,0
21,32.2,0,66,59,0
21.8,29.8,15,80,61,0
14.1,17.7,1.6,73,59,0
0.3,17.5,0,77,59,1
11.1,20.9,0,57,42,0
15.6,21.1,0.2,89,71,0
18.4,34.6,0,55,25,0
17.1,23.3,21.4,85,72,1
12.4,28.6,0,45,18,0
18.8,24.9,0,82,90,1
4.8,15.5,1,97,71,1
-3,13.1,0,97,57,0
16.4,39.1,0,67,30,0
10.8,17.6,0,87,54,0
9.4,18.5,0,81,57,0
4.5,13.7,4.4,100,64,0
10.3,27.8,0,75,48,0
1.8,14.5,0.8,98,66,0
7.4,20.8,0.8,99,56,0
7.5,23.9,0,51,33,0
0.3,13.5,0,90,64,0
19.3,35,0,54,33,0
16.2,22.8,15.4,73,45,0
22.3,31.3,0,46,48,0
26.5,34.2,0,80,51,0
9.8,16.1,1,99,98,1
8.5,17.9,0.2,62,51,1
1.3,15.4,0,100,68,0
22.4,34,11.2,91,63,0
11,18.4,34.2,92,61,1
-0.1,14.4,0.2,79,44,0
5.5,20,0,98,52,0
3,15,0,85,47,0
8.7,10.5,8.2,89,86,1
10.2,19.8,3.2,65,54,0
13.1,20.2,0.6,35,36,0
17.8,29.4,0,56,44,0
3.3,11.9,0,58,55,0
17.8,22.6,0,82,77,0
12.5,24,0,72,54,0
18.3,28.3,0,58,57,0
2.7,9.5,0.4,78,66,1
21.9,35.8,0,25,10,0
2.6,15,0,63,48,0
8.1,19.7,0,75,72,1
12,23.9,0,75,62,0
14.8,26.3,10.6,73,87,1
20.5,28.7,1.2,72,63,0
10.1,18.9,0.2,81,41,0
20,33.1,0,81,32,0
17.1,22,0,71,74,0
6.1,20.8,0,71,46,0
11.4,18.6,16.8,81,74,1
2.8,17.2,0,74,51,0
6.9,25.7,0,59,30,0
-0.2,19,0.2,94,49,0
11.3,22.5,0,72,49,0
25.3,30.8,3.2,84,81,1
22.6,24.5,0,76,80,0
7.9,15.1,0.4,77,53,0
13,21.2,0,38,82,0
17.5,21.5,18.8,94,97,1
12.3,19.3,0,67,62,0
11.7,27.6,0,66,39,0
11.5,25.5,0,84,70,0
8.2,27.8,0,65,29,0
9.1,15.4,4.4,80,59,0
9.9,23.5,12.8,66,50,0
7.4,25.7,0,61,30,0
11.7,30.6,0,40,26,0
10.9,26.2,0,60,27,0
20,28.3,0.4,64,64,0
10.7,18.4,0,74,77,1
12.3,25.7,0,56,25,0
14.2,24.4,0,75,59,0
23.3,32.4,24.4,81,66,1
15.9,29.7,0,43,31,0
8.1,19.7,0,58,45,0
1.4,12.4,0,71,79,0
9.1,23.8,0,84,43,0
24.1,32.2,2.8,67,39,0
26.6,33.3,0,75,60,0
22.7,33.5,1.8,21,42,0
19.9,23.2,2.8,86,56,0
8.7,18.7,6,71,43,0
10,22.5,0,55,46,0
9.3,19.4,0,87,84,1
3.2,9.2,0.2,99,99,0
14.8,27.6,0,50,22,0
10.8,17.6,0.2,79,65,0
7.6,17.1,41.2,97,63,1
19.5,30.4,0,59,43,0
-2,13,0,85,56,0
20.5,31,0,50,35,0
16.8,23.3,3,89,66,0
1.5,19.2,0,45,18,0
21.3,29.5,0,64,66,0
1.4,14.2,0.6,96,93,1
8.5,30.4,0,35,14,0
4.6,16.5,0,11,6,0
1.8,10.1,1.2,97,90,1
18.4,30.5,1.2,57,23,0
24.7,34.1,0,72,39,0
25.3,41.1,0,12,6,0
11.4,21.4,1,99,51,1
14.1,24,0,35,30,1
22.4,31.4,0,62,48,0
3.5,20.5,0,62,34,0
18.4,23.9,0.2,82,72,0
14.7,25,0,56,52,0
-1.2,13.7,0,71,40,1
8.8,23.7,0,86,48,0
14.3,19.2,11.6,100,92,0
3.4,15.7,1,98,64,0
9.4,26.5,0,25,8,0
5.8,12.5,0,93,80,1
5.8,13.1,0,97,93,1
23.5,33.4,0,66,44,1
25.4,31.1,0,84,74,1
17.2,29.6,0,39,32,0
7.1,18.2,0,53,35,0
9.1,14,9.4,100,82,1
8.8,19.2,0.2,99,80,0
-1,14.2,0.2,67,63,0
9.4,16.9,2.4,94,74,0
11.6,18.2,0,45,35,0
15,35.1,0,88,31,0
14.3,22.3,0,52,48,0
6.6,28.5,0,27,23,0
6.6,22.4,0.2,65,46,0
11.4,23.2,0,56,45,0
14,18.8,2.4,61,58,0
15.2,26.1,0.2,78,58,0
8.4,22.5,0,60,52,0
8.9,25.9,0,96,51,0
12.5,16.5,6.4,60,67,1
15.1,19.5,0,69,65,0
17.7,23.6,1,91,55,0
21.2,32.3,0,64,18,0
0,17.8,0,73,52,0
13.1,19.6,5.2,47,53,0
17.5,28.4,0,59,51,0
-2.7,19.4,0,78,32,1
11.9,28.9,0,64,33,0
22,24.9,0,82,77,0
-1.6,12.4,0,68,64,0
13.3,25,0,70,40,0
10.1,30,0,61,21,0
12.5,24.4,0,83,61,0
5.7,17,0,86,50,0
13.2,25.9,0,74,32,0
19,40.1,0,5,6,0
9.6,17.7,3.2,65,52,0
8.2,13.9,0.6,89,97,1
14.7,21.7,0,52,66,0
10.2,24.9,0,81,36,0
7.5,17.7,0,79,73,0
14.9,20.7,0,80,68,0
13.7,28,0,44,39,0
6,13.9,1,98,61,0
20.6,30.5,0,57,52,0
12.7,30.5,0,30,17,0
11.3,22.2,0,41,23,0
23.3,35,1,78,50,0
9.3,17.1,1.2,50,51,0
10.7,16.5,4.4,71,65,1
12.4,23.9,0,57,49,0
13.6,25.1,0,37,49,1
15.6,21.3,0.2,71,66,0
13.4,29.9,0,45,40,0
15.1,28.3,14.4,73,44,0
19.5,23.3,9.6,92,75,1
15.5,33.2,0,49,23,0
2,16.6,0,61,24,0
10.1,27.5,0,71,34,1
11.3,24.4,0,51,77,0
17.8,22.2,0,87,80,0
10.8,17.3,0,65,50,0
14.7,26.8,0,44,28,1
5,15.8,9.2,77,54,1
18.9,25.7,0,67,69,0
7.8,22.8,0,75,91,1
11.3,27.9,0,61,19,0
8.2,19,0,74,57,0
17.9,22.2,2.4,81,74,1
13,26.3,0,47,35,0
20.2,30.5,0,65,57,1
6.2,23,0,49,29,0
9.3,17.7,0,82,69,1
4.6,16.2,0.2,97,58,0
18.3,31,0,66,36,1
0.8,14.5,0,89,52,0
8.6,13.7,15.8,96,92,1
5.5,18.7,0,88,57,0
25.2,35.8,0,75,53,1
25.7,32.8,3,74,66,0
8.9,13.2,8.2,92,76,1
9.5,15.1,6.8,64,54,0
15.1,25.6,7.6,84,51,0
19.4,36,0,53,36,0
20.9,27,13.6,98,75,1
14.9,35,0,37,11,0
10.1,21.4,0,67,52,0
11,29.8,0,57,28,0
14.9,25.1,0,53,61,0
-0.9,12.6,0.2,100,54,0
6.7,22.2,0,84,41,0
7.5,24.1,0,48,25,0
24.2,30,0,59,56,0
9,21.1,0,68,38,0
6.1,25.4,0,67,35,0
0.3,15.3,1,74,44,0
27.6,37.9,0,47,34,0
10.7,30.3,0,79,30,0
-0.4,8.4,1.8,98,73,0
19.5,35.6,0,53,14,0
3.8,10.6,0.4,64,53,0
8.5,14.2,9.2,55,80,1
8.1,18.5,0,80,53,0
7.7,14,0,68,56,1
2.5,13.4,0.2,93,62,0
16.5,35.8,0,49,23,0
11,20,0,65,57,0
10.5,16.2,3.8,89,70,0
12.6,13.9,2.2,92,82,1
5.7,13.5,14.6,97,44,0
10.5,13,9.4,99,99,1
13,21.1,0,66,62,1
21.3,30.3,0,61,54,0
21.6,40.8,0,15,11,1
2.4,20.4,0,56,24,0
9.9,21,0,98,55,0
25.8,32.7,0,80,96,1
13.1,31,0,62,46,0
14.8,21.8,0,62,40,1
23.1,32.8,0,64,41,0
13,20.3,0,75,67,1
16.2,21.2,0,48,54,0
15,36.5,0,30,13,0
13.5,20.7,0,73,72,0
11.8,16.4,18.4,99,73,1
14.3,21.3,1.4,97,78,0
8.3,16.7,9.8,99,79,1
16.8,26.9,8.4,91,47,0
10.7,20.8,0.2,52,32,0
7.1,10,8.2,89,75,1
7.5,26.8,1.4,83,37,0
14.3,31.2,0,80,49,0
14.7,26.6,0,79,50,0
10.6,27.1,0,48,23,0
17.7,30.7,0,48,46,0
10.9,35.5,0,71,20,0
9.7,15.3,0,61,43,0
7.6,24.4,0,50,40,0
13,24,0.6,77,45,0
11.6,26.8,0.2,83,53,0
21.3,24.7,0,74,71,0
6.8,19.8,0.2,62,54,0
19,23.5,0,64,68,0
-2.2,11.9,0.2,84,39,0
8.5,21.5,0.6,79,50,0
7.7,17.7,1.2,92,89,1
19.7,32,0,84,72,1
7.4,18.5,8.2,89,65,1
5.2,23.3,0,63,42,0
7.2,15.2,1.4,72,62,0
23,34.1,0,72,49,0
22.7,33.5,0,49,24,0
22.7,46.4,0,56,13,1
25.4,31.3,0,72,85,1
25.7,37.5,0,15,14,0
9,17,0.6,98,68,1
9.9,25.4,0,65,35,0
24.6,30.9,3.6,73,59,0
5.4,19.1,0,83,45,0
12,17.2,0,65,64,0
18.1,25.4,0,65,70,1
8.4,17.5,5.5,76,53,1
10.7,18.4,0.4,72,71,1
8.9,28.8,0,68,21,1
6.9,17.2,1,99,63,1
9.1,20.3,0,49,35,0
0.5,25.4,0,44,23,0
19.2,34,0,73,32,0
3.9,13,0,97,73,0
3,18.5,3,100,64,0
-0.4,21.7,0,47,18,0
22.1,28.3,4,67,68,1
24.7,34.2,0,59,55,1
18.7,23.4,0,61,42,0
3.3,17.8,0,73,47,0
9.4,11.2,0.8,100,100,1
9,25.5,0,59,26,0
23.9,30.5,1.6,75,72,1
17.6,25.3,8.2,87,59,1
18.5,30.9,0,74,53,0
14.3,33.9,0,56,13,0
20.1,36.8,0,48,24,0
11.8,21.3,3,45,62,0
13.4,33.4,0,76,31,0
14.6,35.2,0,27,18,0
18.3,34,0,76,54,0
14,33.9,0,44,16,0
15.4,32.9,0,11,6,0
4.6,26.9,0,72,22,0
15.9,20.1,0,64,68,1
10.3,21.6,0.2,93,67,0
12.5,31,0,68,27,0
18.7,25.7,0.8,80,59,0
15.2,21.3,8.4,54,43,0
17.3,36.7,0,41,16,0
13.2,21.4,19.6,88,49,1
16,24.1,0,63,42,0
9.1,28.9,0,60,26,0
12.7,17.2,0,74,47,0
9.8,28.6,0,57,28,0
12.8,20.1,0,76,47,0
12,21.8,0,76,55,0
9.4,21,0.4,79,48,0
3.4,23.1,0,53,19,0
7.4,16.4,5.2,71,61,1
7,21.8,0,61,40,0
4.2,20.1,0,99,43,0
17.7,33.9,3.8,60,34,0
7,13.2,8.2,95,85,1
9.6,19.8,5.2,81,47,0
22.2,29.6,28.2,89,66,1
7.2,24.2,0,70,29,0
7.9,21.1,0,65,37,0
17.6,26.9,0,55,51,0
1.9,16.2,0,87,57,0
11.2,18.9,4.4,75,62,0
6.5,17.6,0,59,52,0
3.1,9.4,0,98,68,0
7,13.8,0.8,88,87,1
12,23.1,0,49,33,0
10.3,28.1,0,77,29,0
14,24.4,0,50,39,0
17.5,22.4,0.2,60,61,0
1.1,13.6,0,100,69,0
14.7,17.4,12.4,81,70,0
8.7,14.9,1.4,81,67,1
9.9,22.5,0,91,62,0
13.1,29.6,0,42,18,0
17.9,22.5,0.2,71,77,0
19.5,26.1,3.2,76,71,0
21.4,29.6,0,72,74,0
10.8,15.9,0.2,66,78,0
21.6,30.9,0,75,54,0
22.1,29.6,0,72,63,0
12.4,17.6,0,69,62,0
17.1,23.3,1.2,67,48,0
6.3,11.8,0.6,87,83,1
7.5,15.3,0,84,54,0
12.7,15.3,16,100,91,0
30.5,44.2,0,15,10,0
10,13.4,1.8,91,78,1
3,16.2,0,99,72,0
17.6,20.3,7.8,93,87,1
21.8,29.8,0,69,60,0
11.2,25.4,0,67,50,0
9.1,15.4,0,68,71,1
13.6,21.3,0,60,61,0
23.4,27.5,29.8,81,95,1
11.3,24.9,0,74,40,0
3.4,16.7,0,100,52,0
23.7,39.7,0,24,12,0
11.7,34.3,0,16,10,0
6.1,12.5,3.4,99,92,1
19,34.3,0,46,19,0
4.4,19,0,54,41,0
6.7,23.1,0,96,37,0
13.8,25.6,0,70,35,0
10.9,23.4,0,58,43,0
6.1,17,0.6,89,57,1
19.6,24.7,1.8,74,69,0
3.4,16.7,0,49,41,0
8.9,20.9,0,34,25,0
16.6,23.4,0,71,60,0
23.8,29.4,2.8,82,80,1
7.9,11.1,14.6,83,66,1
11.2,20.6,0,56,37,0
9.1,13.8,4,87,87,0
5.1,18.8,0,45,38,0
5.9,17,0,62,41,0
16.2,31.4,0,55,23,0
18.3,24.9,0.2,86,52,0
17,33.3,2,78,23,0
15.7,29.7,0.2,70,70,0
13.2,20.5,3.2,52,38,0
13,17,0,66,69,1
14.7,32.8,0,34,16,1
6.3,17.6,0.2,87,52,0
9.2,28.5,0,69,30,0
9,14.3,7,93,80,1
24.4,36.4,0,59,59,1
11.8,20.1,0,68,57,0
9.5,28.5,0,53,24,0
9.4,25.2,0.8,29,19,0
16.8,29.2,0,58,32,0
15,25,0,59,66,0
19,24.7,10.4,78,69,1
15.2,27.8,0,79,37,0
20,35.5,0,25,29,0
5.1,16.8,0,83,64,0
12,27,0,78,49,1
21.4,27.6,0,82,68,0
5,25.4,0.2,95,35,0
8.7,17.8,0.2,91,58,0
-1,13.5,0.2,94,61,0
8.2,18.9,1.6,75,53,0
15.8,30.6,0,69,22,0
19,26.7,3,78,47,0
16.5,22.3,0,78,67,0
16.3,23.8,0,72,61,0
8.1,14.6,0,75,59,0
7.6,15.2,0.8,94,68,0
14.8,19.2,0.8,68,66,1
7.6,10.7,50.8,97,97,1
22.5,28.6,0,74,64,0
23.4,41.6,0,2,0,0
18.1,27.9,0,73,56,1
8.2,15.5,0,70,56,0
9.2,17.8,0,86,49,0
11.6,19.2,0,100,89,1
7.8,29,0,50,36,0
13.6,22.3,0,56,49,0
11.6,23.3,0.2,71,58,0
24.8,32.7,0,64,61,0
20.1,27.3,1.8,76,71,1
6.2,13,0.4,90,75,0
4.1,16.2,0,63,53,0
7.3,17,0,68,59,0
20.9,34.3,0,49,30,0
20.4,26.1,28.2,76,71,1
8,18.7,3.8,98,72,1
8.2,20.8,0,81,39,0
8.7,25.6,0,69,38,1
9.5,19.9,0,88,52,0
17.7,24.9,0,57,51,0
16.7,27.3,0,61,58,0
25.2,33.2,0.2,72,64,0
2.3,16.2,3,54,42,0
11.4,23.2,0.2,90,50,0
23,24.9,0,49,88,0
21,30.8,1.8,75,50,0
5.6,16.6,0,57,31,0
13.6,30.9,0,50,29,0
11.6,29,0,46,23,0
12.9,27.1,0,67,41,0
11.9,25.4,0,51,31,0
11.5,29,0,41,20,0
9.4,17.6,0,75,66,1
11,28.8,0,60,30,0
9.8,30.6,0,45,17,0
14.9,17.4,5,93,71,1
20.3,28.1,2,80,87,1
1.3,21.4,0,68,24,0
9.6,23.1,0,99,48,1
13.9,17.5,0.6,63,58,0
15,22.8,0,56,61,0
21.8,28.3,9.8,89,69,1
22,26.1,0,22,35,0
15.7,31.7,3,55,28,0
9.8,27.3,0,42,20,0
6.2,12.8,0.6,100,98,1
13.4,18.2,0,82,71,0
16.9,23.5,0,57,62,0
10.4,23.1,4.4,56,48,1
18.8,28,0,75,60,0
-4.3,0,3.8,97,97,1
6.6,18.4,0,72,50,0
1.5,17,0,70,66,0
22.9,29.3,0.8,64,57,1
13.1,14.5,0,31,41,0
16.1,41.6,0,66,27,0
9.4,21.5,0,94,54,0
13.5,26.7,0,45,24,0
21.6,35.8,2.6,73,45,1
16.3,27.7,0,65,44,0
11.6,23.2,14.8,91,13,0
11.4,18.8,0,64,60,1
14.7,29.5,0,65,30,0
4,9.3,0,80,75,0
14.7,25.3,0,89,51,0
11.6,21.6,0.2,40,42,0
10,27.6,0.2,99,46,0
17.5,34.2,0,43,15,0
-4.3,0.3,23.2,88,91,1
18.5,26.1,24.6,89,60,0
13.1,25.6,0,75,64,0
15.8,20.2,11.4,93,92,1
7.1,14.2,0,48,42,0
15.6,26.2,0,55,68,0
5.8,17.8,1.2,92,50,0
8.4,18.5,5.8,91,60,1
10.8,20.9,2,80,68,1
12.6,24.2,0,48,30,0
16.2,34.4,0,26,12,0
1.1,11.7,1.2,99,83,1
27.7,34.3,0,79,67,1
14.1,27.6,0,71,47,0
25.3,32.8,0,66,50,0
9.5,29.2,0,59,39,0
6.8,27.3,0,51,29,0
12.1,18.2,2.2,95,73,0
20,25.8,0,67,52,0
17.2,28.3,0.6,71,63,0
13.1,16.2,5.2,52,54,1
23.6,32.4,0,61,40,0
20.2,37.3,0,16,33,0
12.7,28.9,0,51,26,0
18.7,21.3,0.6,92,58,1
18.3,34.9,0,47,22,0
6.8,16.6,1.2,78,58,1
4.8,24,0,33,23,0
4.7,21.6,0,85,36,0
14.4,25.6,3.8,47,33,0
5.3,12.4,1,79,54,0
17.9,27.4,0,42,31,0
21,28.6,2.2,71,88,1
9.4,12.6,0.6,98,98,1
11.6,16.7,0,73,79,1
10.1,31.1,0,34,13,0
13.8,20.1,0,78,67,0
8.5,14.7,0,93,55,0
10,16.9,2,88,68,1
16.5,39.7,0,9,6,0
17.2,30,9.6,79,44,1
16.5,25.5,0,72,75,0
14.1,20,15.2,89,50,0
15.5,20.4,0.4,79,87,0
20.3,26.4,0.8,71,82,1
25.7,32.9,0.4,71,84,1
2.9,17.6,0,81,37,0
4.7,17,0,71,52,0
12.5,16.1,0,54,42,0
12.8,21.8,1.2,68,68,0
11.8,21.6,0,62,67,0
11.1,23.7,0,80,54,0
8.2,19.5,4,90,45,1
17.4,32.6,0,69,47,0
22.4,32.5,0,33,36,0
6,13.8,1.6,71,61,0
21,38.9,0,12,39,0
9.6,15.7,0.6,100,81,1
20.8,30.2,16,74,67,0
6.4,16.1,0.6,67,76,1
19.9,24.9,0,83,75,1
17.3,27.3,3.4,100,64,1
9.3,17.9,0,70,69,0
4.1,19.4,0,91,36,0
20.4,25.2,39,96,81,1
7.7,20.3,0,52,51,0
18.1,29.1,0,60,42,0
15.7,33.1,0,51,17,0
5.7,11.1,6,100,91,0
18.2,24.9,0,78,68,0
13.6,27.3,0,61,36,0
23,41.3,0,48,8,0
1.6,9.7,0.2,88,68,0
4.9,11.4,0.2,67,75,0
22.6,33,0,47,58,0
22.6,27.4,26.2,88,83,1
9.4,22.7,0,62,32,0
10.3,20.2,0,82,46,0
1.4,11.2,0,98,66,1
18.8,32.4,0,46,22,0
10.1,16.8,0,78,66,0
15.5,20.6,8.4,94,87,1
13.4,24.3,0,21,9,0
17.9,22.8,7,56,57,0
12.2,19,2.8,86,57,1
14.2,28.4,0,97,60,0
21.7,28.3,0,70,58,0
21.8,35.2,0,49,28,0
6.4,17.1,0,68,41,0
15.9,24.8,0,74,67,0
4.9,21.2,0,72,48,0
2.7,20,0.2,88,35,0
5.1,15.9,5.6,51,39,0
6,13.7,0,59,55,0
6.9,26.2,0,47,40,0
10,19.9,0,40,39,0
16.7,28,0,77,50,0
7,19.5,0.2,62,46,0
10.8,15.5,0,67,90,1
7.8,26.6,0,33,15,0
17,23.1,0,57,62,0
16.6,26.3,0,62,57,0
11.1,23.4,0,50,36,1
16.5,27,15.8,89,59,0
1.6,13.5,0,72,45,0
13.3,32.4,0,47,21,0
10.1,18.8,0,35,21,0
6.1,19.6,0,76,49,0
20,27.1,4.8,98,78,1
14.1,35.4,0,76,29,0
7.8,16.3,0,49,31,0
1.5,10.5,0.6,94,71,0
19.1,32.2,0,75,45,1
22.1,26.4,0,73,77,0
4.2,17.5,3,99,52,0
21.6,28.5,0,58,59,0
11.8,18,1.8,60,49,1
8.1,13.9,16.8,99,96,1
9.3,17.8,0,48,50,0
13.2,30.5,0,66,32,0
3.2,11.1,0.2,90,70,0
3.4,14.4,0.4,84,53,0
20.9,42,0,29,10,0
12.3,32.2,0,52,31,0
13.9,18.2,8.6,80,72,1
4.4,17.6,0,97,63,0
22.1,30.6,0.2,66,62,1
1.9,15.5,0,75,42,0
4.3,20.9,0,63,55,0
7.2,15.9,5.6,74,67,1
16.6,29.9,0,81,52,0
17.2,34.9,1.8,79,34,0
23.2,30.2,0,71,63,0
9.4,17.4,0,66,51,0
5.4,17.2,0,95,74,0
18.4,26.5,10.6,85,61,1
12.8,18,6.6,93,50,1
7.6,19.3,0.8,56,52,1
4.8,22.1,0,76,36,0
11.9,24.4,0,50,30,0
9,20.5,1.2,63,39,0
6.3,15.3,0,67,49,0
18.2,22.7,10.4,90,75,1
12.1,17.2,8.6,99,90,1
10,21.5,0,65,76,0
16.3,29.5,0.6,32,21,0
10.7,17.7,1.4,94,89,1
5.5,17.5,0,73,46,0
15.1,21.3,15.4,85,65,0
8.8,26.5,0,47,28,0
-4.5,16.1,0,76,27,1
7.1,14.1,0,75,77,0
20.7,28.8,7.4,66,56,1
5.9,13.1,3.6,72,70,0
12.6,27,0,71,58,0
5.9,14.3,4.8,98,79,1
3.8,13.8,0,80,58,0
11.2,21.2,4,76,41,1
16.9,37.2,0,49,13,0
9.9,26.4,0,44,33,0
13.5,18,4.8,90,67,1
7.2,18.4,0,81,57,0
14.4,18.5,0.2,69,84,1
9.3,16.4,2,68,53,1
12.4,25.5,0,92,50,0
20.5,28.4,0.6,58,56,1
17.4,26.8,2.4,73,63,1
19,28.6,0.4,77,60,0
25.7,44.3,0,17,10,0
-1.1,13.2,0.2,60,86,1
19.3,28,0,72,72,1
14.7,19.8,1.6,62,57,0
11.4,32.9,0.2,52,31,0
16.7,30.4,0,44,43,0
15.9,20.7,0,80,71,0
21.8,29.4,0,69,62,0
10.1,24.2,0,56,33,1
6.6,25.7,0,61,23,0
4.3,14.3,0.2,76,54,0
7.9,26.5,0,60,34,0
9.3,25.3,0,70,43,1
14.6,26,0.2,61,71,0
3.4,17.2,0,71,40,0
7.9,16.1,0,82,62,0
18.1,22.5,1,82,79,0
11.9,19.5,0.2,65,43,0
25.2,32.1,0,66,58,0
12.2,27.7,0,81,45,0
18.6,25.7,17.2,67,61,0
19,34.5,0,61,32,0
6.9,21.7,0,72,34,0
10.8,18.8,13.2,82,56,0
10.4,14.1,11.2,70,61,0
13,22.6,0,64,53,0
12.6,28.6,0,60,19,0
8.6,20,2.2,94,57,0
15,23.3,0,67,77,0
15.8,26.3,2.2,93,55,0
3.6,11.5,9.6,82,69,0
6.8,18.3,0,100,66,0
13,23,0,62,55,0
13.1,25.9,0,94,62,0
12.3,18.1,0,64,83,0
17.4,35.6,0,37,21,0
5.5,18.4,0,78,51,0
8.7,23,0,36,24,0
9.8,19.4,0,63,49,0
22.8,32.6,0,64,51,1
9.2,19.1,1.4,99,82,0
8,14.5,4.6,86,73,0
24.5,28.4,55,96,86,1
17.7,33.9,0,52,23,0
19.1,23.7,8.2,88,60,1
6.6,28.1,0,57,11,0
11.5,17.9,0,54,36,0
3.5,17.3,0,79,58,0
12.6,21.9,11.4,90,61,0
10.3,21.1,0,66,53,0
18.8,22.9,0,80,60,0
12.2,23.1,0,55,51,0
17.4,24.5,1.2,78,66,0
18.4,24.1,1.6,75,77,0
22.8,28.2,0,74,69,0
21.9,28,0,58,61,0
11.9,30.6,0,47,22,0
7.9,27.8,0,48,18,0
18.3,25.9,0,55,56,0
4.6,17.6,0,52,25,0
4.1,11.9,0.2,80,72,0
3.4,18.5,0,74,36,0
8.7,19,2.8,72,53,0
4.9,19.3,0,48,45,0
20.4,28.3,0,67,49,0
20.5,23.9,0,63,67,1
7.8,17.5,6,97,72,0
14.9,20.1,0.6,30,34,0
20.5,25.1,12.8,95,78,1
5.1,32,0,54,17,0
7.2,22.3,0,99,50,0
11.9,24.7,0,63,46,0
2.4,18.6,0,90,41,0
7.1,14.8,0,86,67,0
18.8,29.7,0,60,60,0
12.3,21.6,0,60,49,1
17.5,30.2,0,44,46,1
6.4,10.6,0.2,98,78,0
9.6,13.6,1.8,86,65,0
13.5,22.7,0,46,45,1
6.2,23.7,0,66,33,0
12.9,27.1,0,40,21,0
13.9,19.2,19.8,85,78,0
12.7,14.5,8,99,99,1
10.3,25.4,0,57,40,0
15.9,21.3,0,49,56,0
18.6,29.5,0,58,49,1
8.4,19.4,0,56,47,0
14.8,26.4,0,30,89,1
19.8,36.8,0,52,13,0
14.7,17.7,5.2,89,67,1
4.7,12.3,11.2,78,61,0
7.1,23.1,0,41,32,0
9.8,22.4,1,61,54,0
18.1,35.2,0,68,30,0
2,26.4,0,54,16,0
17.9,24.1,6.2,92,73,0
12.4,26,0,56,34,0
14.4,32.4,0,57,47,0
3.7,12.5,0,85,89,0
19.3,35.5,0,34,13,0
10.3,17,22.8,64,60,0
12,19,1.2,78,80,1
8.4,16.9,0,66,59,0
6,19.4,0,38,37,0
22.6,29.4,0,75,70,1
5.1,12.5,1.4,77,65,1
8.6,15.2,0,75,66,0
19.7,36,0,27,14,0
13.3,22.1,4.6,71,68,1
13.2,27,0,69,39,0
12.7,15.8,0.8,75,52,0
9.1,20.2,0.2,91,42,0
10.3,15.3,0,75,47,0
23.1,26.3,21.6,85,91,1
11.6,23.5,0,43,37,1
12.7,29.9,0,45,60,0
12.8,26.1,0,45,36,1
10.8,18.6,0.2,85,75,1
10.6,19.1,0,68,36,0
14.4,23.5,0,58,51,0
12.5,21.4,2.2,82,42,0
8.5,18.4,0.2,64,41,0
15.5,31.4,0,57,32,1
7.1,21,0,74,51,0
13,29.5,0,74,35,0
11,25.9,1.2,43,22,0
4.9,24,0,38,21,0
25.6,32.3,8.8,76,61,0
1.9,14.2,0,91,92,0
13.7,17.1,12.8,98,89,1
11.5,20,0,67,73,0
19,38.5,0,19,8,0
16.8,30.8,0,99,90,1
16.4,26,0,66,60,0
4.6,21.4,0,96,56,0
16.4,22.5,1,82,47,0
14.2,22.7,0,54,26,0
12.9,30,0,25,9,0
9.2,14,1,94,59,0
18.9,28.9,1.4,58,57,0
6.1,21,0.2,65,39,0
16,18,0,76,81,0
21.5,27.2,0,71,50,1
16.6,18.8,0.4,87,71,0
14.4,26.8,0,61,36,0
14.1,26.5,0,27,31,0
13.6,23.6,0.2,64,89,1
19.7,32.3,0,10,5,0
17.2,30.1,0,67,57,0
26.8,32.3,0.4,80,71,1
13.8,21,0,25,20,0
13.1,25.4,0,51,34,0
14.4,15.5,0,73,96,1
9.8,32,0,44,9,1
6.2,17.8,0,48,42,0
11,30.7,0,72,26,0
16.1,23.2,0.2,74,58,0
14.4,20.7,0,86,67,1
14,27.8,0,49,30,0
7.3,13.5,15,61,76,1
9.7,19.4,12.2,87,59,1
6.9,22.3,0,91,46,0
12.1,32.5,0,67,16,0
14.5,21.9,0,70,63,1
14.1,24.1,0,54,39,0
19.4,25,0,67,68,0
16.3,27.7,0,63,33,0
1.9,20.1,0.2,98,34,0
16.5,20.7,0,56,71,0
25.2,33.8,0,52,50,0
14.6,19.3,0,42,35,0
20.7,32.2,1.2,69,58,1
8.4,20.4,0,58,42,0
22.6,33,0,45,40,0
17.5,26.1,0.2,62,66,0
7.6,19.4,0,72,51,1
16.3,29,0,75,43,0
9.8,20.2,0,48,39,0
9.7,19.4,0.2,88,67,0
11.8,19.1,0,51,38,0
2.7,19.3,0,80,40,0
13.2,23.5,0,66,31,1
4.1,17.6,0.2,52,35,0
21.8,30.8,0,61,51,0
6,22.1,0,79,45,0
12.4,25.1,0,39,34,0
4.5,17.5,0,84,50,0
16.5,36.9,0,35,14,0
23,25.8,0,99,94,1
11.9,15.8,7.2,97,67,0
21.9,24.4,0,85,68,1
16.6,22.7,45.8,88,72,1
15.1,25.4,0,55,37,0
8.5,13.9,0.6,78,58,0
18.6,24.1,2.4,73,73,0
7.8,26.9,0,48,23,0
18.3,24.3,6.2,84,70,1
24.2,35.6,0,39,39,0
12,22.7,0,57,37,0
15.7,21,0,37,88,1
4.4,19.5,0,72,26,0
18.3,33.1,0,41,22,0
18.7,28.1,5.4,68,44,0
21.6,31.7,15.2,68,37,0
13.4,21.5,0,94,78,0
8.1,19.6,0,71,54,0
13.3,20.7,0,74,79,0
21.6,35.7,0,62,79,1
9.2,23.3,0,66,69,0
10.4,20.6,1.4,65,43,0
15.8,19.5,30.6,81,70,0
13.6,28,0,57,43,0
18.3,24.5,0,61,57,0
15.2,29.1,0,61,41,0
5.4,15.2,13.2,86,67,1
7,15.4,7.8,78,54,1
-4.3,12.3,0,98,48,0
10.6,19.3,1.2,99,71,0
5.2,21.6,0,86,38,0
19.7,25.6,0,62,72,0
11,31.6,0,71,21,0
18.5,27.9,0,62,60,0
14.2,28.4,0,65,26,0
7.1,21.2,0,35,44,0
19,30.6,0,51,52,0
6.1,18.3,0,69,53,0
17.2,23.5,0,55,56,0
14.3,24.3,0,45,62,1
8.7,19.7,0,79,67,0
7.5,31.4,0,53,17,0
11.8,27.6,0,72,37,0
17,25.5,0,50,58,0
11.5,33.6,0,53,39,0
11.6,22.7,0,79,62,0
15.6,21.9,0,64,63,1
13.7,20.6,0,100,76,0
21.6,35,0,25,19,0
21.2,35.3,0,37,20,0
8.7,29.7,0,81,21,0
15.4,32.7,0,30,12,0
13.6,25.4,13.8,95,42,0
10.7,29.5,0,75,33,0
10.3,16.7,0.8,84,50,1
7.9,26.2,0,45,18,0
0.5,11.6,2.2,99,95,1
12.8,28.3,0,52,29,0
9.4,26.8,0,48,16,0
2,22.4,0,60,27,0
7.8,30,0,38,29,0
2,19.6,0,80,32,0
4.8,14,0,81,63,0
22.3,41.1,0,37,9,0
11.9,30.6,0,70,37,0
8.9,16.8,0,67,51,0
9.1,25,0,81,57,0
10.1,18.1,1.6,84,73,0
8.2,14.1,0.4,80,61,1
16.4,29.5,0,79,29,0
19.6,27.1,0,61,49,1
5.4,26.9,0,53,24,0
23.5,33,0,61,50,0
7.7,25.6,0,38,31,0
7.6,28.1,0,53,18,0
22.4,28.4,0,71,73,0
6.4,18.9,0.2,83,40,0
6,19.4,0,99,58,0
10.7,23.3,0,76,49,0
8,16.7,0,72,59,0
8.1,16.7,0,53,48,0
18.1,23.1,0,70,69,0
17.2,36.3,0,14,7,0
11.1,19.9,0,61,54,0
15.8,19.2,35.6,98,100,1
16.4,21.1,0,62,55,1
4.3,18.6,0,59,56,1
19.7,35.4,0,48,23,0
11.3,23.9,0,61,34,0
7.1,14.4,2.4,99,77,0
12.6,26.3,0,74,38,0
7.9,22.7,0,64,42,0
6.5,13.1,0.4,84,70,1
8.9,18.7,0,59,79,1
21.6,28,0,70,60,1
3.2,15.6,0,75,71,0
8.8,20.7,0,48,48,0
4.3,24.3,0,51,14,0
11,14.5,9,83,87,1
10.4,25.9,0,71,32,1
13.1,19.9,0,55,57,0
9.5,16.6,0,47,53,0
8.7,19.6,4.4,93,50,0
3.9,18.3,0,66,51,1
15.2,25.2,0,71,61,0
-1.3,12.5,0,78,56,0
11.1,20.2,0,93,54,0
11.5,19.7,4.6,70,54,0
6.7,14.2,9.6,86,61,0
9.4,18,0.6,93,52,1
5.9,16.4,1,77,81,1
22.7,29.3,0,73,64,0
3,13.2,0,59,53,0
16.6,32.3,0,14,8,0
19,27.2,0,72,66,0
19.4,28.7,0,59,70,1
6.2,16.4,0,86,55,0
17,25.2,0,65,60,0
2.1,19.9,0,73,43,0
7.9,18.3,1.4,84,59,1
21.1,32.9,0,38,20,0
15.6,28.8,0,40,32,0
16.2,22.2,0,76,67,0
8.5,17.2,0.6,99,75,0
4,21.7,0.2,51,35,0
9.9,21.6,0,72,41,0
-1,10,0.2,100,98,0
20.4,26,0,54,49,0
13.8,26.7,0,69,49,0
4.7,14,0,68,51,0
20.7,36.9,0,22,10,0
22.2,27.5,0,77,64,1
8.1,14.8,1,72,65,0
13.4,23.4,0,50,64,0
14.1,21.4,5,92,60,0
11.3,21.1,0.2,94,60,0
16.3,21.7,0.8,89,71,1
20.9,24.3,2.4,64,88,1
17.7,27,0,63,53,0
22.1,26,0,73,90,1
2.9,13.7,0.2,91,60,1
17.3,27.7,3.2,60,26,0
7.6,20.4,0,96,75,0
19.5,21,21.6,90,77,0
9.9,21.2,1.6,68,48,0
7.7,16.1,2.8,74,59,0
11.5,31.2,0,77,23,0
5.5,23.9,0,52,36,0
19.8,32.7,0,34,28,0
19,27.9,0,92,78,0
15,28.6,0,48,28,0
11.1,34.8,0,43,15,0
24,34.5,0,71,32,0
13.9,18.1,0,70,87,1
13.4,20.4,40,90,56,0
18.8,29.8,0,49,43,0
10.3,24.8,0,54,37,0
12,20.5,0,69,74,0
25.4,39.9,0,41,18,0
16.5,24.5,0,69,61,0
19.9,24.6,0,73,78,0
9.8,16.3,0,76,69,1
10.1,17,4,94,73,1
1.8,17.3,0.8,99,45,0
16.6,19.7,0,60,68,0
5.2,20.8,0,45,17,0
7.7,21.4,0,69,39,0
9.1,13.8,16,70,56,0
8.7,28.7,0,28,11,0
13.5,36.1,0,65,23,0
10.6,19.5,21.2,93,50,1
15.5,33.7,0,46,29,0
13.9,23.2,6.8,94,64,0
14.2,30.8,0,77,23,0
6.5,11.4,1.8,84,66,1
20,34.4,2.4,73,54,1
9.9,14.6,8.4,71,67,1
14.3,16.8,0,69,56,0
16.2,30.1,0,60,45,0
11.8,24.9,0,64,63,1
14.9,31.8,0,63,40,0
7.2,24.8,0,59,34,0
13.6,19.2,0.4,91,64,1
16.3,20.8,0,43,44,0
12.1,24.3,0,55,49,0
18.2,37.1,0,35,15,0
13.9,29.1,14.6,90,51,1
12.9,24.1,0,54,49,0
20.7,30.5,2.4,93,52,0
5.3,13.5,0,69,44,0
1.9,24.3,0,34,15,0
11.7,16.1,6.6,83,69,0
8.4,17.5,0.6,62,51,0
1.9,22.9,0,61,24,0
25.4,33.6,0,64,47,0
25.3,33.4,0.4,69,56,0
8.7,14.5,2,76,52,0
15.9,35.2,0,46,14,0
1.2,15.6,0,100,86,0
13.2,19.1,8.8,98,74,1
10.8,21,0,67,42,0
3.2,17.4,0.2,84,59,0
18.2,24.9,96.1,95,63,1
21.7,28.4,0.4,89,90,1
11.3,14.8,10.6,63,77,1
-0.1,12.4,0,67,55,0
5.4,9,2.2,97,76,1
20.4,31.5,0,57,62,0
23.5,34.2,0,60,46,0
13.3,19,0,91,72,0
5,15.9,0,89,59,1
7.3,19.2,10,57,46,0
20.1,27.8,0,73,74,1
23.7,32.4,0,61,54,0
12.2,18.7,5.4,87,66,1
17.8,19.7,2.6,84,85,1
21.2,27.6,0,64,65,0
24.6,32.2,0.2,57,70,0
19.2,21.3,0,78,68,0
11.8,26.2,0,61,52,0
6.8,12.8,0,89,69,0
18.7,34,0,39,23,0
20.6,22.5,2.6,96,89,1
15.8,29.9,0,80,55,0
25.8,31.4,0,75,72,0
12.7,21.6,0,62,49,0
9.3,15.4,6.2,62,49,0
7.6,30.1,0,56,7,0
14.9,26.7,0,58,49,0
4.1,21.9,0,78,41,0
6.6,28.4,0,24,8,0
7.2,24.2,0,63,27,0
1.5,5.5,0.2,98,94,0
14,30.3,0,54,60,0
21.2,29.1,6.4,60,63,0
20.2,33.9,0,41,25,0
7.4,20.9,0,72,53,0
7.9,21,0.6,43,42,0
14.3,19.5,0,55,59,1
14.2,21.4,1.2,85,76,1
3.3,22.6,0,60,27,0
18.3,25.1,0.4,77,55,1
6.6,11.7,9.4,90,88,1
2.9,20,0,52,42,0
13.5,17.1,0,93,92,1
12.4,28.4,0,28,16,0
1.7,10.4,0,67,69,0
15,18,56.8,96,75,1
14,24.2,0,73,77,0
6.3,10.4,0,97,97,0
15.5,19.1,0,81,100,1
2,19.1,0,98,50,0
7.9,11.9,0,73,78,0
13.6,26.9,0,73,39,0
3.5,23.9,0,54,39,0
13.7,18.5,1.6,62,57,1
15.7,26,0,25,27,0
10.9,21.5,0,68,48,0
6.2,13.6,0.2,66,51,0
-5.3,12.1,0,82,40,0
0.2,10.1,0.4,94,89,1
4.9,19.8,0,71,33,0
13.7,30.6,0,67,32,0
1.4,13.2,0.6,99,70,1
10.8,19.3,0,79,64,0
13.8,20.6,0,52,57,0
21.6,31.8,0,56,62,0
20.5,28.5,2.8,78,71,1
18,30.3,0,10,17,0
10.5,33.6,0,33,16,0
11,22.6,0,63,58,0
0.5,17.5,0.2,53,38,0
15.3,28.5,0,61,35,0
14.8,23.2,0,73,56,1
6.6,16.1,0.4,72,58,0
9.1,16.5,0.2,94,77,0
3.6,15.4,0,79,59,0
16.3,27.6,0,59,49,0
21.9,31,11.4,91,55,0
9.4,20.2,0,56,22,0
18.3,23.4,3,69,57,0
15.2,23.8,0,75,73,1
11.4,28.9,0,59,43,0
19.5,24.2,0.2,86,87,0
11,17.8,0.4,80,61,1
-4.7,14.7,0,82,39,0
25.9,32.4,0.6,76,66,0
10.3,30.1,0,83,40,0
25.6,39.5,0,48,94,0
14.9,32.2,0,77,44,1
16.4,23.6,0,39,54,0
10.1,20,0,68,46,0
5.3,13,0,82,65,0
16.1,25.4,0,45,16,0
20.3,34.2,0,31,77,0
17.5,28.3,0.6,32,18,0
15.5,32.3,0,66,26,0
11.3,17.5,3.2,91,57,0
2.6,14.1,0,72,49,0
11.4,21.9,0,50,33,0
17,31.4,0,58,37,0
6,17.3,18.2,94,59,0
23.2,30.1,54.8,88,94,1
22.6,28.6,3.4,95,72,1
19.7,29.2,2.8,84,51,1
11.7,14.5,1.6,87,71,0
4.7,19.3,0.2,99,39,0
14.6,24.2,0,64,58,0
9.3,31.8,0,62,22,0
15.8,24.8,15.6,100,48,0
18.2,31.6,0,52,52,0
9.6,26.3,0,77,33,0
13.2,21.4,0.2,53,37,0
10.7,15.4,1.6,63,57,0
17.9,37.9,0,26,9,0
14.9,20.4,0,68,55,0
16.4,28.6,0,80,51,0
18.2,24.2,1,67,65,0
10.5,26,0,60,37,0
11.8,22.3,0.2,50,57,0
8.1,20.6,0,75,43,0
10.8,16.1,3.4,75,79,0
14.4,22.6,0,79,64,0
12.2,20.5,6.2,30,20,0
7,14.1,0.2,100,74,0
11,32,0.2,73,26,0
-0.3,12,0.2,100,59,0
11.8,15.4,4,84,67,1
8.9,21.8,0,54,36,0
12.5,23.1,0,66,49,0
19.7,32.7,0,34,22,0
20.1,27,0,52,55,0
13,23.7,0,68,43,0
14.4,23.9,0,65,61,0
23.6,35,0,73,44,0
17.8,28.8,0,56,53,0
10.3,16.7,1.4,58,63,0
19.2,29.4,0,87,63,0
18.2,23.5,0,82,73,0
4.3,17.3,0,48,32,0
10.1,19.1,0.2,69,60,1
6.6,17.2,0,90,48,0
15.1,22.6,0,75,60,1
8.8,23.5,0,47,26,0
17.6,37.3,0.8,41,63,0
8.5,19.3,0,80,56,0
17.7,22.2,1.4,86,83,1
11.9,24.3,4.2,77,43,0
4.6,12.1,5.2,99,75,0
18.7,26,0.2,76,62,0
28,31.9,0,72,68,0
10.2,11.2,13.4,96,85,1
14.3,19,0,69,62,0
2.3,15.7,0,45,25,0
10.5,28.1,0,47,19,0
6.1,22,0,34,16,0
19.2,26.8,4.4,61,57,0
15,25.8,0,52,46,1
9.4,12.9,0,73,68,1
16.4,28.6,0,84,49,0
10.5,30.9,0,34,13,0
18,28.8,0.4,63,60,1
19.3,30.5,0,71,57,0
10.2,20.7,0,61,51,0
10.4,24.8,0.2,100,52,0
8.9,19.2,0.2,80,48,0
22.8,30.8,33.4,90,76,0
17.8,22,8,91,65,1
14.9,30.5,0,84,44,0
21.6,25.9,0,86,77,0
17.6,21.9,0,67,70,1
17.2,28.4,0,86,60,0
8.2,19.9,0,57,40,0
19.6,28.5,0,77,54,0
10.3,16.3,0,65,72,1
4.2,25.1,0,42,18,0
11.3,24.7,0,77,47,0
0.7,15.8,0,88,54,0
15.1,25.1,0,64,36,0
8.1,10.2,0,81,76,1
14.9,35.7,0,52,47,0
0.3,6.6,0.2,77,78,0
19.5,26.1,0,64,56,0
10.1,28.7,0,99,21,0
11.3,23.5,0,34,23,0
21.6,28.3,2.8,71,64,0
21.6,33.2,0,77,43,0
20.4,27.8,5.6,95,62,1
13,21,0,71,54,0
10.5,20.6,1.2,75,45,0
14.7,19.4,4.8,81,58,0
8.3,24.1,0,51,56,0
14,31.4,0,35,27,0
22.1,32.1,0,57,32,0
11.1,16.6,0,83,63,0
11.6,16.6,7.2,62,65,0
5,30.3,0,40,17,0
7.6,11.5,6.8,74,84,1
13.7,18.2,0.4,68,60,1
16.2,31.7,0,41,25,0
19.8,23.8,27.2,100,99,1
17.9,27,0,66,72,1
11,25.4,0,60,55,0
15.5,23.4,0,71,48,0
14.5,18,3.8,81,65,1
10.7,20.3,0,81,64,1
17.9,22.6,0,58,56,1
12.2,24.3,0.2,37,36,0
11,15.4,0.6,82,76,0
3.6,13.6,1.4,78,78,0
19.2,33,0,33,10,0
19,44.5,0,27,10,0
19.5,22.9,1.4,65,63,0
15.7,19.8,0,78,57,1
5.1,17,0,55,29,0
10.5,19.3,0,41,22,0
8.6,13.9,1.6,86,71,0
23.7,32.7,3.8,86,61,0
-1.6,13.7,0,73,36,0
9,14.6,81.8,82,52,0
6.9,13.9,0.4,97,86,0
19.1,29.7,0,69,54,0
16.9,28.1,0,47,49,0
26.2,32.9,0,61,49,0
9.1,12.4,2,66,91,1
14.4,23.4,4.4,68,55,0
15.9,22.5,0,75,77,0
3.2,14,0,93,46,0
12.6,27.2,0,52,21,0
19.2,23.3,0,67,75,1
18.2,37.4,0,38,14,0
8.6,19.6,0,61,46,0
7.7,29.4,0,66,50,1
12.4,21.6,0,67,48,0
12.8,20.7,0,62,64,1
9,22.4,0,69,49,0
17.6,36.6,0,22,13,0
5.9,12.6,0,82,68,0
12.3,21.5,0.4,73,51,0
8.8,14.8,0,70,95,0
11.6,17.3,0,80,79,0
13.1,20.3,0,56,54,1
15.5,20.2,0,56,57,0
24.9,35,3.2,87,44,1
5,11.2,4.4,90,62,0
24.8,32,6,83,72,1
20.7,25.8,3.8,81,79,0
19.3,25.3,0,75,60,0
8.7,23.9,0.4,56,25,0
4.2,14.1,0,87,56,0
14.7,23.8,0.8,45,29,0
8.3,31.1,0,91,32,0
5.8,16.5,1,74,45,0
18,27,0,75,71,0
21.3,28.4,0.4,69,70,0
21.3,28.4,0,53,70,0
17,23.9,0,47,59,1
13.6,19.7,0,76,55,1
13.4,35,0,17,14,0
12.8,41.1,0,12,5,0
4.8,19.2,0,88,52,0
4.8,11.8,0,99,80,0
10.6,20,0,65,38,0
11.1,17.5,0.2,77,33,1
7.7,26.5,0,59,23,0
6.7,22.1,0,25,17,0
17.2,26,0,87,50,0
7,30.4,0,8,4,0
6.3,16.8,0,97,74,0
17.9,24.7,0,67,54,0
16.1,26.1,0,81,63,0
16.1,17.1,0,74,55,1
9,12.9,1.2,75,74,0
23.3,31.9,54.2,79,70,0
2.4,15.6,0,48,33,0
6.4,21.2,0,70,33,0
3.3,14.9,0,76,65,0
10.1,19.5,2,83,49,1
2.5,16.7,0,74,51,0
14.1,31.6,0,31,14,0
9.9,19.4,0.4,82,58,0
12.4,24.7,0,71,47,0
10.5,19.8,0,70,52,0
24.5,42.6,0,14,9,0
6.8,22.9,2,58,40,0
23.1,32.5,0,56,60,0
12.1,16.8,31,72,86,1
0.2,12.1,0.4,97,62,0
18.7,33.5,0,35,29,1
26.3,30.9,5.4,79,90,1
11.4,19.8,0,62,77,0
12.6,19.5,4.6,83,59,0
7.4,22.3,0,60,44,0
2.6,20.9,0,80,37,1
15.9,29.4,0,83,45,0
1.7,20.4,0,84,47,0
4.9,13.3,0,100,87,0
26.2,39.3,0,24,20,0
16,24.9,0,61,49,0
13.7,19.2,1.2,47,47,0
13,21.2,0,79,63,0
24.4,32.6,2.8,66,53,0
13.9,27.1,0,61,64,0
20.5,25.2,3.4,91,85,1
17.2,32.8,0,42,25,0
14.4,27.8,0,53,52,0
4,14.6,7,99,81,1
8.6,21.1,0,67,65,0
14.4,19.8,13.2,97,91,0
8.2,21.2,0,58,60,0
5,25.6,0,64,29,0
10.5,22,0,57,48,0
11.4,20.1,0,72,67,0
21.8,31.1,0,59,64,0
17.4,23,0,50,87,1
22,26.4,20.8,87,84,0
12.7,21.9,3.2,93,58,1
9.9,26.4,0,49,31,0
19.2,23.9,0,62,66,1
-2.8,15.6,0,72,38,0
14,28.6,0,37,14,0
18.2,32.6,0,23,9,0
15.1,31.6,0,93,47,0
19.2,25.4,0,42,32,0
5.4,18.1,0,90,69,0
16.6,31.5,0,70,27,0
6,25.5,0,59,50,0
-1.7,12.6,0,99,61,0
22.4,28.7,1,74,57,0
13,30.6,0,43,33,0
11.6,24.9,0,84,65,0
21.7,34.4,0,54,34,0
13.2,20.4,0,70,63,0
0.3,20.6,0,81,40,0
20,21.4,9,95,95,1
2.9,11.1,1.8,99,72,0
12.8,22.7,0,62,58,0
18.3,32.4,5.6,71,51,0
17.8,18.1,24.2,93,72,0
23,29.1,0,68,59,0
23.2,29.8,17.6,82,78,1
7.7,19.6,3.4,61,43,1
21.3,35.5,0,80,24,0
17.5,41.9,0,60,31,0
17.2,27.6,10.6,81,62,0
12.4,19.7,3.6,85,87,1
22.3,28.8,0,48,41,0
10.4,16.4,1.4,87,68,1
6.4,19.6,0,78,49,0
25.8,28.8,9.8,94,79,1
6.2,12.4,3.2,91,63,1
12.4,34.5,0,44,24,0
-1.4,13.9,0,96,52,0
14.1,37.8,0,43,11,0
11.8,18.2,0,75,80,0
6.8,14.2,0.2,79,67,0
21.8,37.6,0,35,35,0
5,25.1,0,36,22,0
18.9,30.4,0,54,53,0
4.8,19.4,0,58,23,0
6.1,9.9,5.8,65,64,1
11.5,27.7,0,76,25,0
17.8,23.9,0,86,80,0
12.9,29.1,0,41,26,0
4.7,14.8,1.8,80,55,0
4.6,17.5,0,74,39,0
23.1,32.3,62,70,57,0
22,30,0,61,65,0
14.2,20,2.4,56,45,0
11.9,21.6,0,70,53,0
7.9,26.3,0,52,27,0
2.7,13.2,3.4,87,80,1
23.4,35.3,0,38,46,0
15.9,27.3,6,80,52,0
5,18.1,0,70,55,0
5.2,20,0,71,60,0
22.5,34.3,0,44,36,0
4.4,14.7,0.4,61,41,1
8,32.6,0,79,31,0
13.2,26,0,68,42,0
22.8,30.7,0,54,56,0
12.1,22.8,0,61,59,0
5,8.6,57.6,97,97,1
16.3,22.3,5,91,46,1
7.9,27.5,0,59,17,0
20.3,27.4,0,68,61,0
22.7,28.1,5.4,76,68,1
10.4,25.9,0,56,38,0
0.1,15.5,0,70,50,0
12.1,28.8,0,53,15,1
5.8,22.4,0,54,24,0
9.4,21.4,0,91,48,0
16.2,19.7,10.6,76,73,1
9.3,24.8,0,64,31,0
10.3,14,12.4,94,96,1
20,25.4,22,91,99,1
6.8,21.2,0,59,38,0
3.7,12.3,9.8,71,72,1
16.1,32,0,78,25,0
7.3,18.5,0,87,62,0
2.1,17.6,0,68,42,0
10.3,14,0,75,60,1
10,20.9,0,67,63,0
20.4,37.9,0,30,12,0
16.2,30.4,0,34,26,1
16.5,34.6,0,67,26,1
13.3,18.4,0,92,87,1
14,27.8,0,43,22,0
15.7,20.8,38,72,95,1
8.2,14.3,1,96,91,1
16.1,29.9,0,61,36,0
1.9,11.8,1.4,100,58,0
13.3,19.9,0,63,38,0
11.8,23.5,0,50,49,0
3.5,12.8,0,98,63,0
7.7,16.9,2.2,79,76,1
15,20.6,0,53,58,0
14.6,20.5,8.2,91,88,1
17.6,29.6,0,70,63,0
4.5,13.5,0.6,79,48,0
22.5,30.2,2,70,55,1
17,34.6,0,71,40,0
12.9,20.6,0,73,65,0
14.6,24.9,0,67,42,0
9.4,21,0,77,39,0
22.4,37.9,0,47,21,0
6.5,26.1,0,60,35,0
8.2,30.3,0,67,32,1
3.1,19.8,0,76,51,0
17.6,23.5,0,82,83,0
1.6,17.1,0,75,36,0
18,35.3,0,55,23,0
14.9,23.4,0,71,49,0
18.5,24.2,0,56,62,0
27.3,45.6,0,21,7,0
22,38,0,15,8,0
4.5,14.1,0,70,48,1
13,26.9,0,96,40,0
12.3,17.2,8.6,59,69,1
6.6,9.3,7.2,97,97,1
15.2,32.3,0,65,28,0
11.5,26.2,0.6,63,33,0
22.2,42.3,0,24,25,0
25.1,29.5,0.4,83,92,1
7.8,10.9,11.8,77,74,1
11,14.5,0.6,66,52,1
16,28.1,0,75,46,0
24,31.3,3.2,85,73,1
8.8,19.6,0,71,47,0
-5.4,15.2,0,87,38,0
10.7,25,0,55,49,0
12.1,21.7,0,74,46,0
12.2,28.7,0,59,24,1
21.4,35.3,0,53,25,0
13.2,18.5,0,39,42,1
8.7,24.4,0,54,27,0
2.8,19.2,0,62,28,0
16.1,23.1,0.3,73,64,0
3.3,21.3,0,49,25,0
25.9,32.3,0.2,64,75,1
14,29,0,69,37,1
14.6,22.5,0,78,73,1
3.6,18.6,0,69,31,0
5.8,16.5,0,83,64,0
13.3,24.9,0,61,51,0
4.3,22.6,0,43,19,0
20.6,30.4,0,70,45,0
13.7,18.1,4,65,60,0
-0.6,9.5,0,91,68,0
11.4,17.5,0,71,50,1
-1.4,23,0,43,23,0
25.8,32.9,1,91,56,1
13.3,22.3,5.6,97,58,0
20.2,40,0.4,17,17,1
18,33,0,39,14,0
19.8,25.8,4.2,77,76,0
24.8,29.8,3.2,90,89,1
14.4,22.6,0,54,31,0
4.9,16.2,0,43,36,0
11.7,15.7,4.4,96,89,1
19.2,20.6,0,74,76,1
4.8,10.4,3.4,98,83,0
9.9,24.4,0,65,45,0
17.6,34.9,0,51,19,0
17.3,25.8,0,89,60,0
0.9,14.4,0,99,45,0
1.6,15.8,0.2,97,59,0
21.3,28.3,0,72,68,0
13.4,19.1,5.4,91,56,0
3.8,13.4,0,88,72,1
11,22.1,0,52,34,0
6.6,15.4,1.4,78,56,0
12.5,18,1.2,68,45,0
13.1,22.7,0,48,36,0
6.2,20.3,0,82,58,0
14.2,24.2,0,55,66,0
19.2,30.5,0,56,17,0
19,30.8,0,78,51,0
10.1,25.1,0,62,32,0
6.6,15.7,0.6,83,70,0
7.8,17.4,0,63,56,0
8.8,18.2,0,62,63,1
10.4,16.9,5.4,94,83,1
2.9,14.8,6.8,75,58,0
20.9,23.6,1.4,81,69,0
20.8,39.7,0,45,21,0
9.4,16.2,0.2,83,71,0
13.5,22.3,0,67,62,0
23.3,32.3,0,76,32,0
14.4,36.7,0,51,14,0
12.7,36.1,0,72,24,0
14.5,19.2,1.8,68,59,1
16.6,22.1,2.8,85,65,1
22.3,28.3,5.2,87,73,1
15.8,26.2,0,63,61,0
9,24.9,0,49,24,0
10.3,25.5,0,77,53,0
0.5,19.2,0,82,40,0
11.6,16.4,0,83,87,1
15.2,28.4,0,76,26,0
12.6,14.7,8,97,97,1
6.9,17.3,0.2,49,35,0
4.9,21.5,0,52,51,0
7.3,22.3,0,69,40,1
8.8,15.9,0,55,42,0
16.8,29.3,0,62,39,0
13,27.5,0,60,45,0
2.1,17.4,0,70,37,0
18.7,46.4,0,23,6,0
11.4,18.1,0,63,61,1
3,22.3,0.2,59,29,0
10.6,19.8,0,67,45,1
23.7,31.1,0.6,88,67,1
1.9,17.7,0,70,45,0
17.6,24.9,56.4,99,63,1
11.6,19.7,0,100,98,1
-1.1,12.4,0,80,51,0
11.4,20,0,92,81,0
7,27.7,0,38,17,0
14.9,20.7,0,63,49,0
8.9,26.9,0.2,63,28,0
17.9,26.4,1,79,78,1
-0.8,15.3,0,100,65,0
-1,15.1,0,99,52,0
4.1,15.9,0.2,67,58,0
2.6,12.9,0,72,49,0
8.5,20.1,1.4,48,35,0
12.4,34.8,0,24,10,0
21.2,28.5,16.6,71,72,1
15.5,29.8,0,44,31,0
17.3,27.9,0,29,62,0
11.5,19.2,7.8,98,72,0
19.2,31.7,0,67,41,0
9,17.9,0,71,43,0
23.2,34.2,0,59,35,0
24.9,31.4,13.4,85,70,1
10.4,26.4,0,57,33,0
17.5,29,2.4,75,40,0
17,35.8,0,54,29,0
16.2,24.4,73.6,99,64,0
9.8,35.5,0,29,12,0
9.4,11.5,0.4,89,87,1
23.2,28.8,54,86,89,1
15.5,26.7,0,60,50,0
9.5,15.6,9.6,78,64,0
5.5,17.6,0,68,40,1
6.5,14.1,5.4,93,59,0
17.6,30,0,61,37,0
6.1,21.5,0,69,43,0
2.2,21.1,0,54,34,0
10.2,21.8,0,43,27,0
9.7,27.1,0,73,47,0
24.1,35.9,0,36,21,0
20.1,33.4,0,66,41,0
21.3,26.8,6.4,92,75,1
3.1,20.3,0,60,23,0
10.2,21.1,0,39,25,0
7.2,25.5,0,37,9,0
18.1,29.3,0,85,75,0
5.8,20.3,0,99,58,0
14.7,25.1,0,60,52,0
6.7,25.5,0,61,33,0
8.4,16.8,0,79,78,0
17.9,29,0,72,32,0
9,27.3,0,48,21,0
3.7,18.8,0,64,37,0
13.6,18.5,0,52,48,0
21.2,33.5,0,100,33,0
18.1,37.7,0,21,3,0
2.7,12.9,7,90,71,0
11.4,28.8,0,64,28,0
20.8,27.9,0,64,59,0
2.1,19.9,0,59,32,0
8.2,15.4,1,71,58,0
19.3,29.2,16.6,73,99,1
18.2,30.5,0,54,31,0
15.8,21,0.8,68,57,0
13,34.5,0,28,10,0
16.3,41.2,0,15,8,0
8.3,26.9,0,42,21,0
0.4,11.2,0,88,57,0
7.9,17.8,0,80,64,1
7.3,23.6,0,90,37,0
2.1,16.1,0,91,41,0
8.2,20.9,0,75,82,0
25.8,32.4,1.4,78,80,1
12.8,20.7,2.6,86,75,1
12.5,18.3,0,75,66,0
15.5,26.3,0,74,41,0
13.6,29.2,0,70,32,0
4.1,16.7,0,59,36,0
20.1,36.6,0,30,12,1
18,31.5,0,61,31,0
4.8,13.5,0,91,59,0
14.7,22.7,0.4,53,48,0
12.9,22.3,4.4,74,52,0
17.2,27.6,2.8,69,52,0
18.4,31.8,0,59,25,0
6.4,11,0.6,93,52,1
23.7,30.8,0,70,70,1
7.6,15.8,0.2,65,71,0
14.4,28.3,0,61,65,0
8.8,17.8,0,62,51,0
16.6,20.1,2.4,94,80,0
18.6,24.5,1.8,70,56,0
16.2,22.1,0,83,63,0
1.6,14.1,0,91,53,1
15.6,26.6,0,64,55,0
20.4,26,0,57,55,0
21.6,31,0,69,82,1
9.6,26.8,0,52,20,0
22.1,33.4,7.8,64,61,1
23.1,32.9,0,70,57,0
14.2,25.6,0.2,61,45,0
15.6,30.7,0,59,54,0
14.1,32,0,40,7,0
14.8,22.6,0,94,75,1
24.9,33.5,0,62,53,1
5.9,13.7,8,81,52,0
2.9,12.6,1.8,99,57,0
6,17.8,0,98,64,1
15,27.4,12.2,50,50,0
14.8,23.7,2.2,75,46,0
12.8,17,13.4,100,99,1
22.8,29.3,7,64,63,1
10.8,32.1,0,25,7,0
7.6,15.3,0,43,30,0
-1.1,17,0,87,38,0
14,18.2,8.6,100,71,1
15.6,22.7,7.8,94,69,0
-0.8,13.6,0.2,100,51,0
16.4,20,37.4,93,97,1
16.7,20.2,0,47,29,0
18.1,21.5,0.4,91,89,1
23.5,30.6,43.2,79,72,0
4.6,16.5,1,100,73,1
8.8,23.3,0,70,39,0
16.3,31.2,0,72,23,0
19.6,28.6,0,62,58,0
12.2,29.7,0,57,32,0
7.6,21.5,0,54,44,0
21.7,31.8,0,60,53,0
11.8,16.2,0,51,40,0
17.5,22,7.8,71,74,1
18.5,22.5,30.4,95,84,1
18,21.7,0.2,81,71,0
2.1,18.6,0,65,28,0
6.9,14.9,0,72,61,1
15.3,26.1,0,64,68,0
8.6,22.4,0,63,36,1
17.3,32.6,0.2,56,34,0
4,10.2,0,67,81,1
10.5,14.6,0.8,71,84,1
8.4,23.8,0,61,62,1
11.9,34.3,0,74,17,0
9.6,18.7,0.4,78,45,0
17.1,24.7,0,62,70,0
11.1,15.2,23,92,64,0
22.7,31.5,0,76,42,0
7.7,17.1,0,100,63,0
3.7,16,0.2,97,62,0
10.4,20.4,0,72,45,1
12.3,22.3,0.4,75,48,0
16.5,26.4,0,70,61,0
6.4,14.5,0,64,46,0
7.6,15.6,4.2,93,73,1
5.9,15.2,0,100,61,0
9.5,18.6,0,85,63,0
13.5,17.2,0,76,99,1
13.8,18.9,19,76,75,1
20.8,37.4,0.8,35,21,0
2.5,15.6,0,83,57,1
18,20.8,0,64,57,0
10.1,32.6,0,84,49,0
19.9,36.7,0,48,26,0
14.3,26.3,3.8,98,86,1
19.2,25.6,0,65,52,0
3.3,11.2,0.4,99,60,0
13.1,28,0,56,47,0
18.2,30.5,2.8,88,58,0
2.6,18.6,0,67,36,0
8.6,20.7,9.4,100,45,0
12,20.2,5,92,72,1
11.7,14.9,33.2,94,90,0
9.1,22.7,0,43,61,0
15,20.1,4.6,94,66,0
8.4,20.1,0,75,30,0
1.8,13.5,5.8,88,75,1
5.9,20.9,0,32,36,0
19.9,27.3,0,65,75,0
20.1,37.2,0,24,12,0
16.3,28.6,0,35,19,0
23.2,42.1,0,18,16,1
6.9,13.7,0.8,67,53,1
8.7,13.9,4.2,61,54,0
15.5,21.8,0,62,63,0
19.5,23.8,4.6,93,51,0
8.3,21.8,0,44,38,1
1.2,20.2,0,100,38,0
21,37.3,0,70,32,0
21,25.3,73.8,97,77,1
1.6,18.9,0,78,54,0
10.2,14.2,19.6,97,69,1
14.1,28.5,0,75,45,0
12.8,25.1,0,52,43,0
15.3,25.2,21.4,64,38,1
2.2,15.5,0,66,55,0
3,13.8,0.6,83,59,1
23.9,33.2,0.2,63,61,1
24.9,35.9,0,68,26,0
8.4,10.2,2.4,84,92,1
15.1,34.6,0,43,24,1
16.1,19.7,16.2,74,72,0
7,12.6,0.2,84,80,1
20.6,23.4,3.4,93,83,0
4.2,20.6,0,99,54,0
1,18,0,77,44,0
11.1,29.3,0,61,33,1
9.7,26.6,0,46,23,0
8.9,15.3,2.6,92,94,1
14,23.6,1.6,100,39,0
19.1,20.8,35,93,84,1
4.6,15.7,0,85,67,0
23.5,38.3,0,68,56,0
9.2,18.3,9.6,88,80,0
21,28.6,0,60,61,0
13.9,37.2,0,35,14,0
18,30.8,0,67,64,0
9.5,16.4,0.6,82,80,1
7.4,25.4,0,68,28,0
14.9,19.8,1,69,63,0
16.3,25.5,0,58,57,0
5.1,17.1,2.2,65,38,0
16.3,21.8,23.2,83,58,0
8.9,15.8,1.6,87,72,1
15.2,25.5,0.4,29,28,0
9.9,17.4,11.8,99,63,1
7.5,20.4,0.4,66,58,0
9.2,25.2,0,78,52,0
17.4,41,0,9,8,0
3.5,22.7,0,55,22,0
13,22.4,0,94,94,1
14,27.3,0,67,42,0
9.4,19.5,0.4,76,54,0
4.1,17.5,0,66,37,0
8.1,18,13.4,68,48,0
15.4,26,0,50,45,0
2.1,10.9,5,100,77,0
6.9,16.7,0,99,63,0
7.7,15.3,12,72,60,1
-0.5,14.9,0.8,91,43,0
10.3,20.8,0.2,47,35,0
12.5,21,0,70,72,1
11.7,21.2,0,52,58,0
18,29.4,0,63,55,1
1.4,17.8,0,86,52,0
11.4,21.3,2.4,48,47,0
9.2,18.7,3.2,86,78,0
13.1,30.9,0,47,21,0
12,19.7,3.6,62,68,1
20.9,27,8.5,96,75,1
13.5,19.1,0,99,99,1
18.3,32,0,69,34,0
22.7,31.3,0,69,62,0
7.7,28.8,0,70,34,0
2.9,13.7,0,79,57,0
4.1,21,0,56,20,0
14.2,41.8,0,63,17,0
18.6,24.5,0,68,65,0
7.3,20,0,76,88,1
19.3,27,6.2,92,30,0
17.9,29.9,0,32,16,0
19.7,31.9,0,28,12,0
3.9,16.5,0,94,62,0
9.6,22,9.4,67,42,0
9.4,20.8,0,51,46,0
-0.3,9.1,0.2,58,53,0
8.9,17.2,17.8,74,50,0
12.2,22.5,0,85,63,0
19.5,25.1,4,83,58,0
-0.7,22.4,0,54,26,0
11.5,25.8,0,35,20,0
14.6,18.5,24.4,87,93,1
18.7,29.5,0,55,49,0
9.6,15.1,1.4,75,54,1
4.4,13.4,2.4,79,60,0
16.3,20.9,15,80,71,1
11.5,32.5,0,43,15,0
14.9,26.6,0,59,51,0
12.5,22.8,18,56,80,0
5.4,16.4,0,49,37,0
14.9,18.8,0.2,55,47,0
14,20.8,0.8,61,51,0
1.4,15.3,0,100,53,0
12.8,25.4,0,50,23,0
5.9,28.6,0,48,18,0
8.5,23.4,0,77,55,1
11.9,23.6,0,58,44,0
11.5,23.6,0,64,40,0
9.9,21.3,6.4,100,55,0
13.3,30.5,0,68,41,0
23.7,30.4,0,82,69,1
12,21.7,0,69,71,0
13.6,17.7,13.2,100,95,0
3.1,7.2,0,62,90,0
25.9,34.2,0,75,40,0
7.2,25.6,0,60,16,0
10.4,20,7.6,66,44,0
4.4,18.5,0,55,34,0
9.8,14.5,0,63,48,0
10,16.5,8,59,48,0
1.8,8.1,4.8,100,100,1
15.1,27.2,0,38,54,0
28.2,36.6,0,64,31,0
12.3,27.5,0,37,31,0
9.9,18,0,55,31,0
12.3,20.6,0,70,41,0
10.1,22.7,0,49,33,0
-0.4,15.8,0,88,46,0
7.1,13.4,0,83,62,0
16.1,35.3,0,56,21,0
14,22.2,0,63,56,0
10.6,18.4,4.6,51,41,0
9.2,15.1,21.4,72,72,1
11.7,21.7,0,52,52,0
2.8,13.2,0,88,73,0
10.4,14,0,62,45,0
10.1,29.5,0,50,18,0
13.9,19.2,4.2,78,86,1
6.3,24.2,0,57,33,0
4.9,12.2,1,100,92,1
11.6,13,4.2,79,83,1
19.6,29.8,7,92,55,0
15.4,26.8,0,65,38,0
4.2,20.1,0,73,51,0
25.4,33.5,0,46,52,0
7.8,19.4,0,58,33,0
14.5,23.9,0,95,63,0
5.7,17.8,5.8,83,46,0
4.9,11.6,10,88,68,1
19.5,28.3,0,63,68,0
4.8,12.7,15.4,60,48,1
1.9,15.4,0.2,83,59,0
15.2,18.7,0.6,87,84,1
11.4,17.6,19.4,100,100,1
14.9,29.4,0,55,28,0
7,15.7,0,38,58,1
0.6,15.7,0,99,47,0
9.1,21.1,0,52,53,0
12.2,17.7,6,69,62,0
6.8,18.7,0.2,66,62,0
17.4,37.1,0,43,22,0
14.4,24.3,18.8,92,88,1
21.6,39.4,0,17,8,0
6.7,22.9,0,84,35,0
16.5,24,0,35,42,0
5.5,23.1,0,59,38,0
22.2,33,30.2,78,57,1
11.1,18.6,1.8,57,37,0
6.2,20.5,0,48,33,0
19.5,24.9,0,65,59,0
9.3,14,0,71,83,1
11.1,24.4,0.2,50,27,0
10.7,19,2,80,53,0
9.3,17.2,0,54,43,0
5.9,13.4,8.6,73,63,1
5.2,22.8,0,84,35,0
22.9,37.9,0,27,37,0
8.9,20.2,1,64,46,0
18.6,28,0,76,65,1
11.7,27.5,0,39,26,0
18.5,26.1,0,82,72,1
3.8,15.6,0,68,41,0
15.3,33.6,0,59,17,0
19.8,33.3,50,98,56,1
0.6,14.2,0,79,39,0
11.5,25.9,0,63,33,0
13.1,37.6,0,84,25,0
9.7,18.7,1.4,77,63,0
7.9,11.8,0.4,77,72,1
16.9,26.5,0,88,76,0
12.7,30.5,0,63,32,0
9.2,15.6,2.2,92,66,1
9.7,28.8,0,59,35,0
14.8,21.3,0.2,76,70,0
7.3,23.6,0,46,28,0
7.6,15.2,0.8,79,47,0
-1,13.8,0,72,44,0
10.1,22.2,0,58,42,0
8.5,16.6,0.2,72,57,0
3.8,17.1,5.4,59,50,0
14.6,21.2,0.2,92,80,0
1.7,14.3,0,88,61,0
21.1,36,0,57,36,0
-2.2,3.7,0,52,62,0
10.7,20.9,0,87,84,1
9.5,20.4,0,47,39,0
15.8,23.9,0,63,51,0
14.2,36.3,0,30,11,0
16.4,23.2,1.8,70,50,1
10.8,23.6,0,72,52,0
10.4,15.4,2.2,64,47,1
15.7,20.1,0,64,50,0
6.6,12.5,2.2,99,83,1
15.8,19,4,97,100,1
12.7,19.1,13.6,74,64,0
23.3,34.1,13.8,72,46,0
11.8,35.9,0,94,23,0
18.8,34.4,0,49,21,0
9,14.7,0,63,61,0
23.7,33.2,21.8,82,58,0
16.4,29.8,0,88,45,0
13.8,23.6,0.4,54,35,0
6.8,15.1,0,80,60,1
19.5,25.1,0,53,52,0
6.7,23.2,0,60,29,0
15.7,26.5,0,66,60,0
5.8,16.7,0,57,57,0
5.4,14,0.4,99,72,0
21.6,28.6,0,30,59,1
20.1,33,7,61,70,0
17.2,22.3,27.6,77,61,1
23.9,36.7,0,36,22,0
7.5,16.2,1,93,76,0
21.5,34.1,0,51,38,0
12.6,17.8,28.8,80,64,1
1.7,19.9,0,79,40,0
9.4,14.7,1.4,85,100,1
10.8,26.8,0,94,60,0
24.3,30.4,27.4,85,88,1
20.1,25.9,1.2,53,45,1
16.5,19.1,0,80,82,1
7.2,14.5,1.8,83,72,0
18.7,33.9,0,43,31,1
5.2,17.8,0,73,42,0
19.7,21.3,14.6,87,86,1
9,31.4,0,71,48,0
-2.5,13.2,0,75,49,0
11.6,23,0,62,58,0
17.7,26.5,0,74,77,1
22.4,34,0,54,32,0
15.3,25.3,0,61,61,1
20.4,28.6,0,73,62,0
19.7,34.6,5,65,53,0
4.5,14.9,0,98,71,0
2.7,15.5,0,73,55,0
16,24.2,0,55,61,0
8,17.9,0,78,57,0
6.2,16.2,0.4,70,53,0
21.1,24.7,0,69,61,0
12.1,25.9,0,76,40,0
11.4,17.5,0,60,55,0
23.9,33.5,0,45,42,0
9.6,23.1,0,84,42,0
5.8,17.3,6.4,61,34,0
4.3,16.1,0,42,30,0
6.7,16.9,0,58,35,0
2.1,17.5,0,76,42,0
20.8,34.7,16.8,65,24,0
16.8,29.6,0,92,46,0
22.3,30,5.4,58,39,0
14.6,35.1,0,29,15,0
22,34.9,0,66,31,0
5,15.1,15.4,85,56,1
13.4,37.4,0.8,28,10,0
8.2,23,0,48,31,0
2.8,14.4,0,95,72,1
10.1,15.4,4.2,93,85,1
16,30.8,0,70,43,0
23.2,33.2,0,48,37,0
8.2,23.4,0,54,57,0
7.5,14.7,3,60,71,1
-3.6,3.1,0,100,89,0
7.2,18.1,0,77,50,0
15.7,24.7,0,59,52,0
17.9,32.9,0,47,29,0
9.6,24.2,0,33,16,0
11.3,16.3,7.6,88,91,1
0,8.8,0.2,99,72,0
16.3,28.5,0,61,56,0
18.8,24.9,6,92,71,1
20.1,31.1,0,68,37,0
-3.9,15.9,0.2,98,57,0
10.2,11.8,1.4,86,81,1
8.6,17.8,0,64,57,0
20.3,32.8,9.6,79,42,0
13.2,21.3,0,66,63,0
9.2,19,0,89,73,0
7.2,26.6,0.8,56,18,0
17.5,32.4,0,57,49,0
16.1,19.8,3,74,70,0
3.8,17.7,0,77,46,0
20.7,29.9,0,51,40,0
10.4,18.2,0,51,59,0
20.5,24.8,1.2,86,65,0
8.4,15.4,9.6,98,81,1
14.2,22.3,0,68,63,0
3.8,15,0,76,52,0
14.6,33.3,0,49,25,0
7.6,15.4,0,77,71,1
10.7,22.4,0,59,62,0
11.7,19,1.5,74,75,1
4.6,11.1,0.2,83,71,1
1.6,15.1,0.2,99,54,0
23.4,32.2,2,72,55,1
10.5,24.2,0,56,52,0
4.3,16.1,0,52,35,0
4.7,12.7,4,60,47,0
8,14.4,0.2,94,63,0
9,15.6,0,100,57,0
2.5,18.2,0,69,47,0
7.9,18.9,0,76,48,0
9.1,14.6,1.4,57,48,1
10.8,18.4,11.6,51,89,1
8.6,19.5,0,50,34,0
17.9,27.6,25.8,58,56,0
-0.7,14.5,0,77,61,1
9.8,20.5,0.8,83,67,0
12.1,13.1,0.6,87,94,1
8.2,16.6,0.2,99,67,1
13.9,18,1.4,80,59,0
8.8,11.2,11.5,90,84,1
8,17.8,0,70,74,1
17,21.5,0,71,67,0
11.2,18.1,0,97,88,1
1.2,14.6,0,65,43,0
19.4,36.8,0,19,8,0
24.4,31.9,0,71,70,0
12.7,20.2,0.2,74,64,1
9.3,16.9,0,62,43,0
23.5,33.2,2,69,60,0
5.3,12.4,1.6,63,55,0
21.6,27.4,0,69,54,0
3.8,14,0,74,52,0
22.5,30.2,11.8,77,66,1
14.5,24.3,0,78,88,0
10.2,15,17.4,88,85,1
15.9,18.8,12.8,72,89,1
14.6,29.6,0,77,57,0
28.7,42,0,26,19,0
8.9,18.5,0,70,52,0
8.3,15,10,62,59,0
15.3,26.6,0,58,57,0
10,22.9,0.4,43,35,0
5.8,17.6,0,39,68,0
22.3,35.1,0,34,41,0
6.9,29,0,31,12,1
12.3,25.6,0,63,54,0
13.1,22.7,1.2,87,70,0
15.9,23,0,72,59,0
12.3,17.5,1.8,73,59,0
14,18.5,0.6,90,66,0
15.2,33.7,0,46,23,0
5.9,14.6,5.4,99,55,0
25.7,35.3,0,83,35,1
11.2,16.4,6,96,89,1
25.1,36.2,0,64,48,0
4.6,12.1,0.8,87,52,0
7.8,31.6,0,11,5,0
16.4,21.7,0.6,73,66,0
3.6,19.6,0.4,91,47,0
8.9,15.6,0,51,57,0
5.7,17.7,0,83,51,0
25.1,32,0,71,61,0
9.6,27.9,0,55,21,0
12.3,22.4,0.2,72,50,0
16.3,25,0,64,52,0
9,19.8,1.8,75,52,1
13.8,27.7,0,51,27,0
-3,15.7,0,88,53,0
14.3,26,0,87,43,0
4.5,19.8,0,62,33,0
13.4,29.2,0,58,34,0
9.8,20,0,82,75,1
10,17.4,0.8,70,49,0
0.5,12.1,0,74,59,0
9.9,23.8,0,40,23,0
5.8,15.8,0.2,97,67,0
2.1,14.6,0,70,37,0
13.8,29.2,0,48,29,0
19.2,24.8,0,57,55,0
17.4,21.3,3,95,91,1
3.4,18.5,0,60,21,0
10.8,19.3,0,73,86,1
16.2,29.6,0,61,57,0
4.6,17.2,13,74,53,0
11,32.5,0,53,23,0
9.5,28.1,0,69,31,0
11.1,29.6,0,53,42,0
7.8,20.5,0,99,51,0
5,15.8,0,80,61,0
4,18.7,0,44,20,0
21.7,33.2,25.2,64,59,0
13.9,24.9,0,23,22,0
13.2,24.7,0,74,36,0
1.1,16.6,0,77,52,0
7.3,20.4,0,53,44,0
12.9,29.9,0,73,27,1
5.4,11.2,0,96,83,0
21,32.9,0,69,38,0
-2.9,8.7,0.2,75,64,1
8.4,14.1,0,95,80,1
20.3,29.3,0.4,58,55,0
14.3,26,0,59,56,0
4.3,16,0,70,59,1
8.8,15.4,0,62,59,1
17.7,25,0,70,54,0
11.7,22.2,0,72,74,0
23.6,41,0,24,14,0
21.6,39.8,0,21,9,0
-1,14.6,0.2,99,44,0
14.1,31,0,54,27,0
7.6,14.8,1.4,85,70,1
13.7,20.9,5.2,57,48,0
11,21.2,11.8,94,65,1
25.9,33.6,0.4,74,62,0
7.1,17.7,0,51,26,0
15.3,20.7,3.8,76,49,0
20.6,30.3,0,62,48,0
23.8,43.5,0,22,11,0
19.9,34.5,0,56,29,0
4.4,15.4,0,97,67,0
5,13.3,5.6,78,60,0
11.3,23.3,0,38,28,0
2.3,4.8,35.4,96,82,0
18.6,31.3,0,60,29,0
23.5,38,0,25,12,0
11.6,17.5,3.4,99,80,0
5.6,15,0.2,93,73,0
16.4,21.2,3.6,90,83,1
21,30.7,0,52,46,0
4.5,10.2,0.2,71,54,1
18.3,26.3,88.6,97,92,1
24.9,31.6,0,72,72,0
8.8,17.7,1.4,71,68,1
22,29,3.4,79,63,0
6.2,13.5,0.8,99,75,0
19.4,31.7,0,45,22,0
20.3,33.2,0,43,25,0
24,29,10.4,84,94,1
18.7,29.1,24.4,95,73,1
12,19,35.6,67,62,1
16.2,28.1,1,69,43,0
11.7,21.6,0.6,60,45,0
7.9,14.9,0,82,70,0
17.9,18.3,0,74,69,0
2.6,8.6,0,98,98,0
7.5,11.7,2.6,85,51,1
12.7,32.9,0,75,29,1
12.7,20.6,0.8,92,83,0
6.9,17.3,3.2,86,58,0
26,34,0,58,51,0
13.8,21.6,0,58,55,1
16.8,33,0,70,35,0
12.9,17.8,0,56,57,1
25.6,32.5,0,64,63,0
3.1,16.9,0,100,62,0
16.8,19.3,0,79,59,0
7.8,24.1,0,56,37,0
11.4,19,0,73,58,0
9.7,19.2,0,91,55,0
22.5,30.6,0,69,60,0
3,11,0,80,54,0
15.9,30.1,0,78,35,0
8.6,26.1,0,58,29,0
3.6,22.9,0.2,91,45,0
7.6,19.5,6.2,82,62,0
13,30.7,0,57,21,0
0.7,16,0,81,42,0
14.5,29.3,0,69,31,0
12.6,21.9,0,67,54,0
7.4,21.8,1.2,63,49,0
1.3,15.5,0,98,45,0
15.6,29.7,0,64,34,0
3.7,23.8,0,51,39,0
19.2,24.2,0.4,91,67,0
3.9,13.8,0,90,67,0
15.8,27.3,0,57,35,0
9,20.5,0,49,42,0
12.1,19.9,0,55,67,0
6.4,26.4,0,47,20,0
15.6,21.4,0,57,55,0
1.7,8.2,0,95,79,0
13.7,30.3,0,80,66,1
2.5,11.4,10.8,100,75,0
8.7,18,0,68,49,0
10.3,19.3,0,36,33,1
8.4,18.4,18.6,78,52,0
15.9,27.7,0,43,45,0
8.2,12.8,2.2,72,93,1
20.1,33.4,0,63,40,0
10.6,26.4,0,92,55,0
2.2,15.5,0,96,73,0
23.3,30.4,0,43,48,0
12.9,24.2,1.2,67,60,0
15.6,34.9,0,22,8,0
7.2,17,0,63,54,1
11.9,32.9,0,65,27,0
7.1,14.5,15.6,82,51,0
10.8,22.3,0,44,60,0
24.3,31.8,0,65,68,0
8.7,22.6,0,71,43,0
2.9,18.2,0,62,33,0
9,27.3,0,29,13,0
14.4,29.9,0,27,18,0
4.8,19.4,0,86,67,0
7.6,18.6,0,81,54,0
20.8,38.9,1.4,31,15,1
19.6,22.7,8.8,100,100,1
12.4,18.8,0,89,55,0
18.4,20.3,0,55,58,0
16.8,26.7,0,52,33,0
6.2,22.2,0,84,60,0
16.4,27.9,0,16,14,0
9.1,17.5,2.6,49,51,0
23.3,30,31.2,82,69,1
9.7,23.2,0,64,34,0
10.3,18,2,51,63,1
12.9,15,8.4,96,77,1
8.9,19.9,1.4,76,40,0
12.7,18.3,0,46,34,0
7.9,17.8,0,66,69,0
8.9,17.5,2.6,84,53,1
19.6,25.5,0,85,76,0
22.4,36.8,0,31,35,1
14.7,20.5,0,62,50,1
20.6,27.5,0,78,61,0
16.7,20.6,17.2,99,93,1
3.5,21.9,0,91,38,0
9.2,12.6,0.2,84,85,0
10,13.4,2,95,89,0
6.3,20.2,0,73,53,0
23.2,25.9,0,73,93,1
20.9,27.6,0,59,53,0
21.3,30,3.6,77,67,0
11.7,28.6,0,44,21,0
14,19.9,0,53,44,1
16.5,23.8,0,95,81,0
11.5,21.1,0.2,86,64,0
19.4,22.8,0,81,82,1
4.3,16.7,1.8,72,50,0
18.3,23.9,0,55,50,0
22.7,30.8,2.6,64,55,0
22,29.3,0,72,64,0
18.8,36.7,0,28,12,0
19,28.1,0,65,56,0
20.6,24.2,8.4,75,58,1
11.4,21,0,42,45,0
13.6,21.1,1.6,77,60,0
9.8,19.3,3.4,100,79,0
7.4,32.2,0,45,15,0
8,22.9,0,67,39,0
-3.8,13.1,0,96,50,0
11.5,21.6,0,57,37,0
13.2,30.1,0,61,29,0
15.9,21.7,13.4,69,73,0
13.7,27.6,0,69,53,0
13.7,21.5,0,89,59,0
12.9,18.1,0.2,57,56,1
2.5,12.8,0,71,31,0
6.3,17.3,12.6,49,39,0
14,25.9,0,70,42,0
19.5,39.2,0,40,13,0
7.5,12.6,0,83,56,0
18.6,27.7,7.8,52,41,0
8.6,15.3,3.6,66,45,1
6.5,21.5,0,63,48,0
16.6,25.5,0,55,37,0
24.8,31.5,0,63,60,1
8.6,38.6,0,46,14,0
26.2,43.3,0,32,19,0
11.5,17.4,43,93,76,1
25,31.9,0,57,66,1
4.6,13.4,6,69,43,0
7.9,17.1,0,63,64,0
17.3,35.9,0,74,37,0
12.1,18.7,0,74,52,0
25.5,37.6,0,37,14,0
15,28.2,3.2,84,47,0
11.5,16.1,0,67,66,0
6.9,18.2,0,57,26,0
8.3,13.6,0,75,96,1
16.5,37.5,0,35,8,0
5.3,21,0,77,44,0
7.4,31.2,0,44,32,0
15.9,25.7,0,45,26,0
11,17.7,0,52,36,0
12.5,19,1,91,68,0
11,23.7,0.2,49,35,0
11.2,22.5,0,55,69,1
9.1,13.9,47.4,91,74,0
15.1,24.1,0,49,43,0
6.2,18.4,0,69,42,0
5.1,26.9,0,49,28,0
18.8,29.5,0,60,52,1
16.7,33.6,0.2,64,28,0
11.8,24.4,0.6,69,46,0
9.2,24.5,0,65,37,0
11.8,24,0,50,46,0
20.5,26.7,2,91,64,0
10,17.8,0,87,73,0
5.3,23.2,0,67,45,0
6.6,14.5,3.4,80,68,0
13.7,31.7,0,63,19,0
8.3,23.5,0,69,49,0
2.1,13.9,0,91,60,0
18.3,25.1,2.2,93,65,0
13.3,31.3,0,49,15,0
16.2,21.5,8.8,83,91,1
10.4,34,0,32,17,0
6.2,12.8,0,63,46,0
10.3,19.1,2.4,85,79,0
16.9,23,0.4,66,93,1
12.5,24.6,0,75,64,0
15.5,29.8,0.2,81,44,0
4.5,22,0.2,58,44,0
10.8,27.3,0,61,25,0
17.3,33,0,56,44,0
4.1,18.3,0.2,75,68,0
13.1,19.9,4,77,72,0
13.2,24,0,60,47,0
11,21.6,0,80,83,0
15.5,28.6,0,59,33,0
16.6,18.1,0.8,77,74,1
17.1,21.2,5.8,59,71,1
1.2,19.6,0,74,41,0
11.8,24.4,0,48,66,0
1.9,13.9,0,68,80,1
17.8,31.5,0,80,41,0
8.1,15.5,0.2,74,56,1
8.5,23.6,0,83,46,0
15.9,23.5,18.8,71,67,0
7.1,14.4,2,96,71,1
3.5,25.1,0,52,31,1
12.7,31.6,0,27,18,0
11.6,26,0,48,31,1
11.4,17.9,0.4,74,61,1
7.8,16.3,0,85,59,0
18.5,32.9,0,50,15,0
6.9,21.5,0,90,46,0
13.8,19.3,0,26,42,0
20.5,26.5,0,54,53,1
7.8,14,0.2,100,100,1
9.4,23.6,0,60,57,0
12.5,27,0,65,32,0
10.6,20.4,1,92,52,0
18,29,0,63,64,0
14,22,17.8,99,48,0
14.5,32.5,0,54,55,0
9,16.8,5.4,79,81,0
13.7,23.9,0,28,25,0
6.6,21.4,0,37,26,0
15.3,27.6,0,69,40,0
6.4,23.6,0,56,20,0
8,17.3,0,73,63,0
3.8,20,0,58,35,0
10.8,34.4,0,34,10,0
0.3,13.9,0,98,44,1
6.7,15.8,4,95,69,1
23,29,26.8,82,70,1
18.3,27.5,0,69,59,0
11.4,19.7,0,78,60,0
24.5,33.6,0,64,52,0
12,21.7,0,38,21,0
9.7,27.2,0,75,44,0
13.9,29.3,0,62,26,0
9,20,0,58,58,0
9.9,14.4,10.2,99,79,1
9.7,18.9,0,49,38,0
15.6,24.8,0,65,37,0
18.8,25.5,0,75,49,0
8.1,18.7,0,76,36,0
9,20.4,1.2,69,29,0
18.3,34,0,61,9,0
11.9,36.7,0,12,6,0
15.3,31.8,0,67,29,0
2.5,15.3,0.2,88,63,1
15.1,26.7,0,45,51,0
19.9,30.9,0,58,41,0
8.3,23.4,0,65,41,0
-0.8,19.2,0,79,44,1
8.4,16.8,0,74,72,0
13.9,24.7,16.2,86,51,0
12.5,18.9,1.8,84,69,0
14.4,26.8,0.2,64,44,0
6.5,15.1,0,100,71,0
7,15,0,71,38,0
15.2,17.6,3.2,85,87,1
6.4,21.2,0,52,23,0
19.1,34.4,0,56,21,0
27.6,40.8,0,44,22,0
19.3,34.8,0,69,36,0
12.8,25.9,0.2,59,42,0
14.9,25.8,0,69,64,0
20.7,37.9,0,11,9,0
6,20.2,0,64,41,0
14.9,20.7,0.4,87,60,1
6.9,14.9,0.2,66,44,0
16.3,28.7,0,45,47,0
24.7,39.5,0,20,17,0
9.7,23.3,0,60,32,0
15.6,23.3,8.2,94,65,1
2.4,12.2,0.4,95,67,0
20.2,22.2,30.6,95,95,1
10.5,32.6,0,41,20,0
20.2,27,22.4,84,68,0
10.9,18.5,0,75,57,0
12.7,23.9,0,80,55,0
1.5,17.5,0,91,45,0
8.2,15.6,4.6,65,68,0
17.1,31.7,0,44,24,0
4.5,13.1,6.2,100,84,0
7.7,18.8,4.2,98,79,1
4.4,22,0,73,47,0
10.8,23.4,0,47,34,0
10.3,25.5,0.2,78,36,0
15,27,0,40,29,0
17.2,30.1,0,64,57,0
4.1,21.7,0,53,20,0
15.6,30.2,0,53,61,0
18.5,23.6,0,62,53,0
12.5,19,0,72,46,0
11.2,27.7,0,45,35,0
14.6,29.3,0,41,24,0
16.5,23.8,9.6,77,81,1
11.4,15.2,0,63,46,0
11.7,25.6,0,38,22,0
16.6,30.5,16.2,73,45,0
7.9,16.6,0,45,31,0
12.1,19,11,83,46,1
17.5,35.5,0,47,50,0
17.6,28.1,0,57,45,0
17.5,34.3,0,20,8,0
12,18.7,0,61,53,1
20.9,31,0,62,61,0
11,16.8,5.4,78,79,1
11.7,19,24,83,75,0
10.9,25.5,0,48,42,0
9.5,15.4,3.6,91,59,0
13.9,33.5,0,80,50,0
14,20.7,0,73,60,0
17.5,28.9,0,63,53,1
22.4,31.7,7,55,62,0
16.7,38,0,29,25,1
23.4,34.4,12.4,76,45,0
19.2,23.8,0,61,51,0
16.8,33.3,0,55,57,0
19.6,38.2,0,47,17,0
8,22.9,0,47,28,0
10.9,18.9,0.2,100,57,1
17,28,0,70,58,0
0.5,17.1,0,100,46,0
12.9,20.1,7.4,95,64,1
9.3,13.7,13.2,80,73,0
11.6,17.3,20.6,91,83,1
4.8,10.6,5.6,64,56,0
12.9,26.4,0,60,64,0
11.7,33.2,0,29,6,0
24.9,31.9,20,88,69,1
12.5,18.5,0.2,73,73,0
-1.4,17.4,0.2,70,30,0
19.6,34,0,56,26,0
12.3,17,0,69,63,0
6.8,17.9,0.2,77,65,0
13.9,28.7,0,65,45,0
15,22.6,0.2,77,62,1
20.3,28.3,9.8,56,56,0
11.6,25.3,0,61,30,0
14.2,22.2,0,46,44,0
10,20.4,0,70,41,0
20.6,34.6,0,56,28,0
15,35.3,0,78,20,0
-1.7,13.6,0,92,57,0
10.5,15.4,0,68,43,0
11.7,25.2,0,65,43,0
17.9,27.4,0,63,45,0
20.2,31.7,0,73,32,0
10,17,9.8,91,82,0
24.6,34.9,0,30,20,0
5.9,21.8,0.2,48,27,0
21.9,29.3,2.4,71,75,0
2.2,15,0.2,99,83,0
22.2,26.9,4.2,80,69,0
20.6,25.5,0,68,64,1
11.5,22.1,3,64,47,0
9.4,24.4,0,65,28,0
-0.8,13.5,0.2,96,58,0
7.4,24.6,0,61,36,0
15.9,25,0,54,44,0
9.2,15.7,0.4,83,54,0
17.3,28.1,2,65,61,1
17.5,27.1,2.6,73,56,1
13.1,20.5,0.2,88,79,0
13.2,20.7,0,68,51,0
7,23.6,0,30,18,0
7,16.2,1.8,92,67,0
6,22.1,0,80,42,0
6,19.4,1.4,63,40,0
10.5,21.6,0,74,66,0
18.1,22.2,6.2,74,72,1
21.1,35.7,0,65,32,0
18.2,30.9,0,67,45,1
20,31.1,0,72,52,0
8.6,24.8,0,71,39,0
20,24.3,0,67,67,0
13.5,31.8,0,47,19,0
7,21.5,0,76,42,0
4.7,16.1,0,56,31,0
19.2,34.2,0,70,44,0
21.9,27.5,2.4,54,49,0
21.8,34.6,0,64,34,0
3.7,17.1,0,79,45,0
8.3,23,0,41,25,0
13.6,26.4,0,81,49,0
3.5,18.4,11.2,64,64,0
9.2,23.4,0,61,48,0
16.3,31.2,0,60,24,0
9.2,18.6,0,58,33,0
12.5,36.6,0,14,7,0
13.1,18.5,4,64,55,0
14.2,20.6,10.8,100,41,0
17.7,23.5,0.2,74,65,0
5.8,14.1,0,82,69,0
18.2,22.4,0.2,75,88,1
13.3,20.6,0,45,39,0
12.8,22.2,0,61,40,0
5.8,13.6,0.4,79,52,1
16.9,23.9,15,83,68,1
9.2,20.8,0,48,35,0
9.4,27.2,0,73,34,0
19.3,34.7,0,56,43,0
17.2,34.1,0,29,32,0
17.5,22.2,1.2,61,56,0
25.6,36.1,0,39,27,0
18.2,28.2,0,76,65,0
16.1,20.8,7.4,85,57,0
15.5,19.4,0.2,84,90,1
15.7,23,2,53,48,0
15.6,27.1,0,57,37,0
10.8,20.3,0,54,39,0
2.3,19.5,0,94,51,0
5.3,16.3,1.2,83,42,0
18.7,37.8,0,83,20,0
8.5,19.8,0,80,62,0
6.6,19.8,0,79,56,0
10.9,25.8,0,68,44,0
17.7,27.6,0,57,47,0
10.3,20.7,0.2,89,55,0
19.8,41.9,0,69,12,0
18.7,28.1,0,69,57,0
5.4,20.6,0,98,46,0
8.8,24.5,0,61,51,1
15.8,17.2,1.6,87,56,1
6.5,13.7,0,68,84,1
12.1,36.9,0,45,14,0
22.8,35.3,0,20,27,0
5,26.7,0,22,15,0
19.2,27.4,0,75,67,0
13.5,21.5,0,36,27,0
11.1,25.3,0,45,24,0
5,18.7,1.6,81,56,0
20.7,35.7,0,35,23,0
6.3,20.3,0,91,57,0
12.1,31.9,0,24,14,0
-0.4,7.4,9.8,99,88,1
8,17.1,0.4,88,94,1
9,15.7,13.4,63,48,0
12.9,25.3,0,52,57,0
8.6,20.7,0,55,63,1
8.2,16.3,0.8,100,71,1
-1.8,13.5,0,98,82,0
22.4,34.6,0.4,41,25,0
16.8,20.1,0,52,51,0
19.9,34.6,0,53,20,0
10.3,16.4,0,70,38,0
19.3,20.7,10.2,99,95,1
2.9,16.2,0,97,63,0
1.1,18.1,0,67,39,0
9.6,22.9,0,52,39,0
13.1,19.1,42.4,73,67,0
11.2,25.5,0,92,43,0
19.8,29.6,3,66,55,0
16.2,31.9,0,73,35,0
12.1,20.1,0,86,67,0
21.7,28.8,2,71,62,0
13.4,34.5,0,69,35,0
6.8,14.3,10,92,47,0
5.5,18.9,0,69,43,0
11.7,16.1,1.8,79,75,0
12.4,25.9,0,80,50,0
18.5,30.3,0,44,29,0
6,24.1,0,66,45,0
19.3,30.5,4.8,87,62,1
2.4,17.3,0,69,36,0
10.8,21.1,0,62,52,0
10.8,27.9,0,98,34,0
3.1,19.7,0,64,32,0
20.5,31.4,0,55,57,0
4.9,13.7,0,86,61,0
5.8,19.4,0,88,60,0
3.4,13,1.6,95,54,0
3.3,21.7,0,85,43,0
6.2,13.3,5,54,55,0
23.7,35.5,0,80,53,0
8.3,27.2,0,69,36,1
8,14.4,2.8,77,47,0
8.7,18.8,3,80,49,0
7,12,0,94,94,1
11.1,14.3,0.6,88,71,0
5,22.4,0,77,34,0
4.4,20.8,0,50,35,0
10,22.3,0,86,58,0
13,27.4,0,65,54,1
16.6,24.2,0.2,72,60,1
15.7,29.5,2.2,71,47,0
13.3,18.1,3.2,58,44,0
13.2,31.3,0,62,26,0
10.7,24.1,0,69,39,0
13,29.3,0,54,31,0
15.5,24.7,14.6,93,46,1
8.1,23.9,0,99,44,0
8.8,10.8,3,87,89,1
19.4,38.3,0,49,23,0
12,26.8,0.1,73,60,0
9.2,21.4,0,62,53,0
8.5,24.1,0,61,38,0
7.6,26.1,0,99,40,0
15,26.9,0,51,31,0
12.6,23.5,0.4,99,51,0
22.6,27.7,0,73,66,0
12.1,27.6,0,38,22,0
10.9,20.2,0,69,33,1
20.8,27.8,0,81,63,0
24.2,38.7,0,43,23,0
7.9,18.5,0.4,85,71,0
20.2,27.9,0,44,37,0
23.2,30.5,0,80,65,0
26.4,34.4,0,71,47,0
9,29.9,0,21,6,0
15,31.4,0,57,33,0
17.7,28.8,0,39,19,0
8.6,20.3,0,93,58,0
23.2,33.6,0,61,39,0
18.1,27.9,4.6,95,71,0
2.1,9.8,4.8,100,60,0
12,20.4,0,84,74,0
11.7,16.9,16.6,62,56,0
16.5,32.4,0,64,47,0
23.1,25.3,25.8,94,92,1
13.7,21.4,0,72,61,0
1.9,23.9,0,50,14,0
13.9,24.5,0,75,55,0
9.7,25.8,0,52,26,0
9.6,16.1,0.8,91,99,1
19,25.6,1.8,65,49,0
16.5,39.6,0,29,10,0
9.5,18.8,0,55,37,1
23.4,41.5,1.2,36,19,1
20.7,24.9,0.4,82,82,1
21.5,27,3.4,66,64,0
12.1,16.2,0.4,97,97,1
2.2,16.3,2,90,54,0
-3.9,13.2,0,87,41,0
6.4,31,0,64,21,0
17.7,28.7,3,89,54,0
20.3,32.8,0,68,31,0
18,29.8,0,75,52,0
15.6,23.9,4.4,100,73,0
14.9,20.8,0,72,70,0
23.9,28.9,12,86,89,1
8.6,10.6,7.2,98,90,1
7.9,18.7,0,68,51,1
11.6,34.4,0,11,5,0
9,20.3,0,78,68,0
17.6,22.3,13.2,74,82,1
13.7,24.2,0,50,66,1
10.8,19.4,8.8,56,48,0
12.4,29.3,0,50,20,0
22.7,30.3,0,63,61,0
6.7,13.6,0.8,93,71,0
21.1,39.6,0,22,12,0
8.4,19.8,0,55,47,1
3.2,20.9,0.2,57,34,0
20.2,30.8,0,61,51,0
11.6,16.5,6.2,73,62,0
20.3,23.5,0,70,61,0
9.9,19.6,0.2,46,61,1
20.6,37.6,0,17,13,0
5.5,18.2,0,68,28,0
19,29.8,0,83,58,0
6.9,23.7,0,54,21,0
12.8,30.1,0,34,16,0
6.3,22.6,0,58,33,0
9.1,17.4,0,91,61,0
18.1,25.3,0,68,57,0
19.3,28.6,0,65,47,0
14.3,27.7,0,94,54,0
12.6,24.2,1.8,100,61,0
17,33.9,0,58,29,0
11.8,19.7,4.2,93,67,0
9.2,24.8,0,47,27,0
15.2,26,0,66,50,0
12.9,22.4,0,66,64,0
20.2,41.4,0,38,10,0
14.2,32.6,0,52,24,0
21.8,44.6,0.2,70,28,0
16.1,24.5,0,69,72,0
10.1,29.6,0,78,34,0
22.8,44.1,0,30,12,0
15.8,31.8,0,75,56,0
10.9,14.5,1.4,92,81,0
19.7,30.7,0,54,37,0
6.6,15.7,0,48,35,0
6.2,16.2,0.8,90,60,0
15.2,29.7,0,78,35,0
6.8,18.7,1.6,91,82,1
4.5,19.2,0.2,56,43,0
16.9,21.4,0,77,79,1
10.8,14.4,9.6,95,81,1
10.4,18.6,0,73,82,1
13.3,33.9,0,6,2,0
16.1,30,0,63,45,0
16,20.3,8.2,100,73,1
12.1,14.8,4.4,93,82,1
4.1,15.2,0.4,75,65,0
22.7,32.2,1.4,78,77,0
21.8,30.8,0,57,55,0
8,18.5,0,55,39,1
20,33.2,0,53,23,0
12.6,21.7,0.2,77,58,0
10,19.6,0,77,43,0
14.9,18.6,0,73,69,0
10.5,18.6,0,62,50,0
10.9,30.4,0,58,21,0
21.8,29.6,0,63,69,0
25.2,31.3,11.8,76,78,1
24.1,29.7,0,65,99,1
11.3,18.4,0,52,52,0
15.7,34.6,0,23,10,0
9.3,19.9,0,99,73,1
22.7,40.4,0,52,17,0
2.6,12.2,6.8,88,62,0
9.7,21.6,1.2,85,44,0
12.2,28.9,0,37,18,0
11.1,26,0,61,44,0
21.5,25.2,0,75,80,1
10.4,24.1,5.8,90,59,0
8.9,32.1,0,53,16,0
13.4,20,0,81,84,1
6.9,14.5,0.2,100,85,1
8.3,14.4,3.2,89,89,1
11.4,19.2,1.2,87,80,1
11.7,25.2,0,38,36,0
11.9,23.2,0,55,31,0
9.8,17.1,0,40,34,0
4.9,26.1,0,42,22,0
10.7,17.8,0,69,74,0
18,25.8,0,64,72,0
-5.3,13.1,0,94,47,0
19.8,36.1,0,63,25,0
1.9,13.1,0,86,55,0
3.5,10.8,0,90,61,1
6.5,10.5,22.6,75,89,1
8.3,18.5,0.8,74,59,0
2.2,11.2,1.8,88,57,0
11.2,20.3,0,68,51,0
8.8,29.8,0,41,16,0
11.7,21.4,0,90,67,0
6.9,16.3,0,70,29,0
14.6,21.4,8.6,96,79,1
8,13.4,19.2,90,70,1
15,20.5,0,51,81,0
23.3,28.7,27.2,84,63,1
19.2,28.5,0,65,69,0
14.4,19.1,6,75,91,1
-1.8,16.9,0.2,85,39,0
17.2,30.8,0,61,37,0
13.9,18.3,4.8,86,93,1
12.5,26,0,65,52,0
18.8,29.5,0,51,61,0
9.3,21.7,0,64,42,0
13.1,21.5,17.8,78,42,0
11,22.9,0,68,58,0
2.7,18.7,0,66,39,0
13.7,31.2,0,37,15,0
3.6,13.1,0,98,86,0
15.3,28.9,0,42,18,0
13.6,17.1,0.4,91,99,1
16.2,20.9,0,90,86,0
5.2,16,0.2,86,58,0
4.1,14.6,0,85,63,0
22.1,31.5,0,37,22,0
14.4,30.8,1,92,30,0
8.2,12.6,3,92,65,1
5.2,13.7,1,77,57,0
7.2,32.3,0,40,9,0
13.3,32,0,37,22,0
14.3,25.5,0,49,66,0
3.3,14.8,0,92,76,0
2.1,13,1.2,100,67,0
22.7,29.6,3,79,75,1
17.4,28.9,0,51,43,0
16.9,36.9,0,57,18,0
21.2,40,0,27,20,0
20,28.9,0,71,50,0
9.8,20.7,0,81,82,0
12.8,26.8,0,55,33,1
19,26.6,0,60,54,0
9.9,25.2,0,62,41,0
10.9,20.1,0,61,66,0
9.2,16.6,1,66,56,0
6.7,20.9,0,74,55,0
6.6,14.1,0,74,41,0
1.6,17.5,0,79,30,0
7.8,21.5,0,67,60,0
19.1,27.6,0,54,63,0
10.1,25.8,0,28,18,1
8.1,22.8,0,36,32,0
9.8,16.1,2.2,67,58,0
2.3,13,0,48,59,0
11,20.7,0.4,87,68,1
7.7,29.1,0,41,16,0
7.8,13.9,0,97,88,1
14.6,21.3,0,66,64,1
5.9,20.9,0,61,34,0
20,25.8,0,74,60,0
3.2,20.2,0,55,13,0
9.9,18.5,0,61,51,1
22.1,31.2,0,55,45,0
14.5,19.6,2.8,57,55,0
12.6,25.2,2.2,97,61,0
11.2,33,0,50,16,0
12.7,15.8,11.6,94,75,1
9,22.9,0,37,21,0
7.4,22.9,0,65,35,0
1.1,19.2,0,74,43,0
5.2,15.9,2.4,81,42,0
4.3,17,1.2,89,54,1
16.1,21.7,0,61,55,0
17.8,26.5,15.2,93,70,0
13.4,24,0,84,55,0
9.4,20,0,73,54,1
8.2,22.2,0,62,34,0
15.2,29.6,0.6,88,82,1
-0.4,16,0,71,43,0
16,21.2,0,75,50,1
7.6,19.5,0,88,52,0
23.6,31,21,80,74,1
3.3,23.3,0,56,51,0
14.2,27.5,0.6,35,35,0
19.2,26.8,6.2,82,57,0
19.8,23.9,0.6,69,55,0
17.4,23.6,0,91,63,0
17.6,21.6,2,89,59,0
13.2,17,55.8,96,81,1
17.2,25.7,0.8,68,66,1
8.5,31.5,0,49,16,0
23.3,40,1,31,16,0
21.2,29.4,0.2,72,60,0
10.4,27.6,0,51,15,0
14.2,18.9,9.2,98,81,0
10.7,21.1,0,63,45,0
6,12.3,7.2,73,58,0
3,18.4,0,76,41,0
10.2,19.5,0.2,78,71,1
2.4,14.1,0.2,87,54,0
3.1,21.2,0.2,57,35,0
9.5,28.4,0,69,32,0
2.7,17.3,0,78,46,0
17.1,19.9,0.2,72,66,0
13,31.2,0,54,35,0
3,18.4,0,73,39,0
13.5,22,0,57,41,0
22.8,30.1,0,67,75,1
11.1,22.8,0,80,49,0
22.3,39.5,0,16,17,0
6.5,25.9,0,47,15,0
20.6,30.2,0,67,62,0
17.1,23.6,0,87,78,0
6.3,20,0,58,52,0
20.5,25.7,0,70,60,0
14.1,26.6,0,50,38,0
8.8,30.1,0,55,29,0
6.9,14.8,8.8,86,57,0
8.3,16.4,0.2,99,67,0
13.7,19.5,0.2,34,23,0
2.5,14.8,0,76,73,1
-2,17.3,0,57,36,0
13.1,17.8,0,70,65,0
16.4,29.4,0,53,29,0
10.9,32.3,0,25,11,0
21.3,30,0,53,46,0
7.7,13.5,1.2,87,83,1
24.9,32.4,5.4,70,75,1
3.1,8.6,13,87,61,1
6.7,12.6,12,100,77,0
23.6,33.9,0,37,17,0
1.1,11.7,0,80,73,1
15.3,25,0.2,71,53,0
15.3,33,0,75,41,0
7.6,21.6,0,30,22,0
2.1,13.5,0,81,65,0
21.3,29.2,0,63,45,0
-1.8,14,0.2,89,30,0
19.6,22.4,0.8,76,61,0
23.6,31.7,0,59,47,0
11.3,26.3,0,83,55,0
17.4,37.6,0.2,72,30,0
10.6,24,0.2,68,44,0
11.8,23,0,68,46,0
6.8,10.1,0.4,77,56,0
3.7,15.8,0.2,72,53,0
14,19.5,0.2,86,72,0
10,16.5,2.2,99,86,1
16.9,23,0,79,67,0
8.6,30,0,27,13,0
9.8,22,0,36,28,0
25.8,39.2,0.4,56,24,0
2.3,21.4,0,60,28,0
3.3,11.8,0,70,52,0
20,33.6,0,27,9,0
17.2,23.8,0.1,64,83,1
6.7,14.8,0.2,94,61,1
12.1,19.3,0,76,64,0
26.6,43.4,0,18,11,0
13.9,16,69.4,56,54,0
21.4,28.2,0,75,65,0
15.3,24.2,0,72,57,1
24.1,30.6,0,50,56,0
20.4,31.7,0,47,35,0
-0.5,14.3,0,84,62,0
7.9,25.5,0,98,46,0
19.7,28,18,78,61,0
11.6,19.1,4.2,62,72,0
5.1,11.2,1.4,88,66,0
8.2,17.7,0,32,37,0
5.7,21.1,0,64,50,0
5,25.6,0,62,52,0
12.1,26.9,0,44,23,0
4.9,20.4,0,99,52,0
-4.8,13.8,0,94,56,0
5.1,19.6,0,93,58,0
17,33.9,0,21,11,0
11.6,16.3,0.4,94,72,0
23.2,30.3,0,54,49,0
5.8,11.1,5.6,84,75,0
9.7,14.1,0.2,71,84,1
15.8,25.8,0.2,99,44,0
8.6,30.5,0,63,14,0
8,24.3,0,68,29,1
16.7,37.3,0,40,29,0
25.4,30.6,0,77,67,0
9.2,28.8,0,53,27,0
16.9,28.4,3.6,59,20,0
8.9,17.6,7.6,88,89,1
9.9,13.6,8.6,87,51,0
16.2,23.8,0,53,62,0
7.5,14,3.4,92,81,0
13.1,27.6,0,49,20,0
7.4,14.3,0.2,96,74,0
7.3,22,0,55,47,0
8.6,21.2,0,46,58,1
8.2,24.6,0.4,75,41,0
24.4,34,8.6,78,38,0
10.1,11.9,6.6,98,75,1
18.5,28.7,0,78,67,0
13.8,28.9,0,66,37,0
11.6,22.1,0,70,96,1
4.3,13.2,0,98,97,1
13.8,32,0,55,24,0
11.8,17.1,0.2,75,74,1
10.3,15.1,12.2,69,71,1
4.6,13.3,2,90,78,1
14,31,0,78,14,1
14.8,22.5,0,52,46,0
4.4,16.3,0,75,36,0
5.1,17.1,0.4,99,58,0
16.1,26.7,0,54,33,0
17.1,23.8,0.4,86,70,0
4.2,16.6,0,78,40,0
17.7,24,0,80,70,0
15.2,18.4,0.8,70,63,0
9.5,18.9,0,71,67,0
15.5,30.6,0,58,34,0
4.4,12.7,0.4,91,56,0
14.7,32.2,0,42,22,1
14.1,18.9,0,66,68,0
16.3,23.2,0.4,41,37,0
13,26.3,19.8,75,53,0
7.2,17.4,0,59,52,0
2.7,23.5,0,61,39,0
13.7,19.7,5.2,86,87,0
10.2,26.6,0,48,16,0
14,17.1,36.4,99,99,1
21.8,30.6,6,71,85,1
11.2,14.6,0,70,88,1
16.1,37.5,0,87,19,0
4,17.6,3.8,77,43,0
19.3,24.6,0,75,71,0
9.2,15.1,24,89,72,1
9.5,13.6,12.8,65,59,1
11.6,16.9,0,65,69,1
19,29.4,0,62,53,0
20.1,27.5,0,60,54,0
14.9,25.8,0,71,39,0
27,35.4,0,64,53,0
10.8,19.1,0,13,19,0
11.6,21,0,51,34,0
14.8,26.3,0,49,45,0
10.2,17.2,0,69,79,1
8.3,24.2,0,67,38,0
9.4,15.6,0,74,61,1
18.4,29.7,3,91,38,0
1.3,20.8,0,91,43,0
16.6,22.4,0,56,56,0
18.1,31.5,0,52,24,0
9.8,19.7,0.2,61,40,0
26.2,33,0,56,57,0
-0.1,15.8,0,89,47,0
0.1,15.7,0,99,47,0
15.5,37,0,36,15,0
15.3,43.8,0,64,17,1
13.6,18.3,0,92,66,0
9.6,21.7,0,54,54,0
12,25.3,0,62,47,0
18.8,27.2,2,87,59,0
26,33.1,0,62,57,1
9.2,15.7,3,76,45,0
21.4,30.5,0,70,64,0
15.9,20.5,0.2,72,100,1
10.7,17.9,0,73,69,0
18,26.1,25.6,66,52,0
9.1,20.3,0,38,56,0
22.7,31.3,0,64,66,0
23.2,33.5,0,64,56,0
24.6,32.9,0.6,72,62,0
9.1,19.6,0,90,66,1
11.3,16.9,0,64,62,0
6.9,15.1,0,76,61,0
6.8,16.9,0,57,47,0
11.1,19,13.8,91,83,1
9.7,26.5,0,45,29,0
17.2,30.1,0,44,26,0
5.2,19.6,0,81,45,0
6.5,15.9,0,60,65,1
3.8,13.4,0.2,88,61,0
12.1,16.6,5.6,81,61,1
13.2,22.5,0,72,46,0
10.6,20.8,0,74,57,0
19.4,30.1,0,62,53,0
21.2,34,0,74,50,0
16.5,21.7,6.4,52,79,1
23.3,32.5,0,58,53,0
13.2,17.3,14.8,92,88,0
20.9,28.6,2,72,64,0
8,15.5,0,97,55,0
17.3,25.3,5.8,87,65,0
10.7,20.8,0,80,56,0
3.4,26.8,0.2,40,15,0
16.3,27.4,0,72,26,0
19.4,27.4,0,51,48,0
7.9,18.7,0,66,51,0
11.5,14.9,0,70,58,0
10.4,30.5,0,34,10,0
9,15.3,3,100,62,0
2,14.8,0,97,63,0
9,19.4,0,62,56,0
12.2,20.5,0.2,70,75,1
16.5,37.5,0,26,14,0
2.6,16.7,0,58,46,0
10.3,20.4,0,50,78,0
19.4,25.6,0.2,49,62,1
22.1,42.1,0,25,11,1
20.6,26.4,3.2,76,75,1
22.2,32.7,0,82,63,0
5.9,15.3,3.2,96,85,1
9.5,22.3,0,83,67,0
15.2,25.2,0,50,40,0
15.5,25.7,0.2,85,52,0
0.2,16.2,0,97,49,0
6.5,20.5,0,92,31,0
7.3,18.2,0,95,67,0
18.6,27.7,0,39,56,1
25.9,32.3,0,73,79,1
21.5,28,0,85,74,0
5.3,11.2,0,98,74,1
19.8,29.3,0,67,66,0
4.5,13.8,1.4,89,70,0
12,22.6,0,52,51,0
15,23.1,0,73,70,0
10.9,40.7,0,15,15,0
10.2,23.6,0,39,24,0
25,30.2,6.8,85,83,1
1.9,12.8,0.4,76,57,0
5.9,24.9,0,71,44,0
6.8,12.3,47.4,98,70,0
14.4,23.6,0,77,55,0
18.3,33.2,0,70,39,0
13.9,25.4,3.6,83,59,0
13.8,18.1,1.4,78,52,1
8.6,25.4,0,54,32,0
6.3,12.5,0,51,60,1
14.1,23.1,0,52,43,0
11.1,22.3,0,65,58,1
10.7,21,0,67,45,0
13.3,30.5,11,96,44,0
11.6,25.4,0.8,56,30,0
12,24.7,0,54,39,0
20.8,36.8,0,38,26,0
7.4,10.5,0.2,74,84,1
16.6,18.4,16,100,100,1
18.8,24.5,2.6,87,66,0
12.3,27.4,9,71,76,0
-1.6,10.8,0,96,68,0
10.5,20.1,5,87,77,1
1.6,21,0,48,18,0
27.4,34.2,0,77,66,1
22.7,27.3,15.2,88,83,1
22.5,27.1,49.2,100,90,1
-0.5,13.2,0.2,97,60,0
8.4,16.5,13.4,86,53,0
8.5,16.7,0.2,85,60,0
5.7,25.9,0,33,14,0
-2.3,15.2,0,72,41,0
19.9,35.5,0,51,49,0
17.7,26.4,1,89,55,0
18.4,26.2,0,63,60,0
4.2,14.4,3.6,83,56,0
11.6,23,0,81,61,1
14.3,24.1,0,78,45,0
5.5,24.1,0,42,27,0
14.3,21.4,0,99,73,0
19.2,29.7,0,62,31,0
24,31.4,0.2,69,73,0
15.5,39.9,0,46,11,0
20.2,28.6,0,57,54,0
2.3,10.3,0.2,94,74,1
8.3,16.4,1.2,63,53,0
13.6,25.5,0,70,40,0
21.7,29.1,0,71,64,0
3.9,15.3,0,79,58,0
15.3,35.7,0,37,15,0
16.5,34.4,0,21,11,0
19.9,27.3,0,59,56,1
16.9,27.9,0.4,91,69,1
3.3,17.2,0,71,43,0
9.8,17.1,0.2,54,66,1
13.1,27.9,0,57,24,0
12.1,15.7,1,72,89,1
6.6,22.6,0,99,45,1
17.3,34.8,0,56,23,0
15.7,30.5,0,33,21,0
16.5,36.2,0,39,10,0
13.5,22.9,16.8,80,65,1
14,23.7,0,66,38,0
19.1,21.8,0,83,86,1
18.9,23.7,0,59,55,1
17.5,28.4,0,72,53,0
1.9,18,0,66,50,0
0.5,18.4,0,73,31,0
8.9,12.4,0,55,62,1
7.5,17.2,0,60,38,0
10,14.4,2.6,75,67,1
8.4,30.7,0,68,24,0
-2.8,13.5,0,94,56,0
27.1,32.5,0,84,64,0
4.2,17.4,0,81,39,0
7.3,18.2,0,60,42,0
13.7,29.2,7.6,89,49,0
3.7,22,0,95,58,0
7.1,22.2,0,99,64,0
14.3,23.4,2.2,64,62,0
3.2,19.7,0,83,40,0
3.7,21.8,0,80,28,0
18.5,30.4,4,69,55,0
20.2,29,3.8,63,58,0
6.9,24.8,0,60,49,0
15.1,18,36.2,99,75,1
15.7,33.7,0,71,40,0
13.9,28.1,0,71,46,0
10.5,20.1,5.2,100,44,0
-0.4,18,0,56,33,0
2.9,15.2,0,93,79,0
22.8,32.1,0,66,53,0
21,27.7,0.6,89,80,1
19.9,33.2,1,38,20,0
21.6,32.3,0,60,47,0
5.1,12.7,0.4,56,72,0
9.3,23.9,0,39,34,0
17.1,39.9,0,84,25,0
25.3,33.8,0,77,58,0
8.2,20.7,0,42,38,0
12.5,20.9,7,59,32,0
18.7,38.1,0,15,9,0
15.7,20.4,0,57,69,0
20.5,41.3,0,39,13,0
9.1,18,0,48,80,1
16.2,19.7,0,78,73,0
14.9,20.4,0,84,57,0
6.3,12,9,100,63,0
6.1,16.9,0,74,33,0
15.2,23.6,1.4,65,67,0
9.8,14.7,10,91,62,0
22.1,30.6,14.2,86,59,1
16.7,21.7,7.6,43,32,0
9.4,21.9,0,66,47,0
10.5,15,16.8,89,53,0
21.9,25.7,0,77,73,0
15.2,25.7,0,56,30,0
1.3,15.7,0.2,99,59,0
19.9,26.5,7.6,88,67,1
15.9,22.8,3.4,83,71,1
3,15.5,0,98,54,0
17.4,24.3,0,61,67,1
16,22.2,4.6,98,97,1
9.9,16.5,0.2,93,94,1
27.3,37.6,0,42,24,1
21.3,39.2,0,40,18,0
12.8,19,22.2,90,57,0
15.1,28.5,0,74,48,0
4.4,17.8,0.2,81,31,0
-4.5,14.2,0.2,97,41,0
20.8,35.4,0,49,18,0
11.7,17.6,0,63,62,0
21.4,32.2,0,55,62,1
16,24,0,72,43,0
22,26.7,20.4,82,80,1
5.4,16.6,0,93,63,0
8.7,18.6,0.4,82,74,1
13.6,42,0,29,16,0
18.8,25,1.8,69,61,0
8.8,15.7,5,92,67,0
16.3,18.7,7,95,83,1
19.7,25,0,89,53,0
9.5,14,3.4,77,83,1
15.6,26.8,0,39,31,0
13.5,18.1,0.8,80,79,0
-3.6,-0.3,1.4,100,100,0
13.8,24.9,0,51,53,0
5.5,24.6,0,52,24,0
8.4,15.7,2.8,98,80,1
24.6,31.6,0.2,69,57,0
22.8,30.9,102.2,80,62,1
11,18.4,0,76,53,0
15.1,23,0,40,61,0
14.6,25.3,0,64,67,0
1,15.1,0,99,62,0
