"PassengerId","Survived","Pclass","Sex","Age","Fare","has_family_member","pclass_1","pclass_2","person_female","person_child"
1,0,2,"male",22,7.25,1,0,0,0,0
2,1,1,"female",38,71.2833,1,1,0,1,0
3,1,2,"female",26,7.925,0,0,0,1,0
4,1,1,"female",35,53.1,1,1,0,1,0
5,0,2,"male",35,8.05,0,0,0,0,0
6,0,2,"male",21,8.4583,0,0,0,0,0
7,0,1,"male",54,51.8625,0,1,0,0,0
8,0,2,"male",2,21.075,1,0,0,0,1
9,1,2,"female",27,11.1333,1,0,0,1,0
10,1,2,"female",14,30.0708,1,0,1,0,1
11,1,2,"female",4,16.7,1,0,0,0,1
12,1,1,"female",58,26.55,0,1,0,1,0
13,0,2,"male",20,8.05,0,0,0,0,0
14,0,2,"male",39,31.275,1,0,0,0,0
15,0,2,"female",14,7.8542,0,0,0,0,1
16,1,2,"female",55,16,0,0,1,1,0
17,0,2,"male",2,29.125,1,0,0,0,1
18,1,2,"male",21,13,0,0,1,0,0
19,0,2,"female",31,18,1,0,0,1,0
20,1,2,"female",15,7.225,0,0,0,0,1
21,0,2,"male",35,26,0,0,1,0,0
22,1,2,"male",34,13,0,0,1,0,0
23,1,2,"female",15,8.0292,0,0,0,0,1
24,1,1,"male",28,35.5,0,1,0,0,0
25,0,2,"female",8,21.075,1,0,0,0,1
26,1,2,"female",38,31.3875,1,0,0,1,0
27,0,2,"male",25,7.225,0,0,0,0,0
28,0,1,"male",19,263,1,1,0,0,0
29,1,2,"female",24,7.8792,0,0,0,1,0
30,0,2,"male",20,7.8958,0,0,0,0,0
31,0,1,"male",40,27.7208,0,1,0,0,0
32,1,1,"female",28,146.5208,1,1,0,1,0
33,1,2,"female",20,7.75,0,0,0,1,0
34,0,2,"male",66,10.5,0,0,1,0,0
35,0,1,"male",28,82.1708,1,1,0,0,0
36,0,1,"male",42,52,1,1,0,0,0
37,1,2,"male",30,7.2292,0,0,0,0,0
38,0,2,"male",21,8.05,0,0,0,0,0
39,0,2,"female",18,18,1,0,0,1,0
40,1,2,"female",14,11.2417,1,0,0,0,1
41,0,2,"female",40,9.475,1,0,0,1,0
42,0,2,"female",27,21,1,0,1,1,0
43,0,2,"male",25,7.8958,0,0,0,0,0
44,1,2,"female",3,41.5792,1,0,1,0,1
45,1,2,"female",19,7.8792,0,0,0,1,0
46,0,2,"male",24,8.05,0,0,0,0,0
47,0,2,"male",20,15.5,1,0,0,0,0
48,1,2,"female",15,7.75,0,0,0,0,1
49,0,2,"male",24,21.6792,1,0,0,0,0
50,0,2,"female",18,17.8,1,0,0,1,0
51,0,2,"male",7,39.6875,1,0,0,0,1
52,0,2,"male",21,7.8,0,0,0,0,0
53,1,1,"female",49,76.7292,1,1,0,1,0
54,1,2,"female",29,26,1,0,1,1,0
55,0,1,"male",65,61.9792,1,1,0,0,0
56,1,1,"male",28,35.5,0,1,0,0,0
57,1,2,"female",21,10.5,0,0,1,1,0
58,0,2,"male",28.5,7.2292,0,0,0,0,0
59,1,2,"female",5,27.75,1,0,1,0,1
60,0,2,"male",11,46.9,1,0,0,0,1
61,0,2,"male",22,7.2292,0,0,0,0,0
62,1,1,"female",38,80,0,1,0,1,0
63,0,1,"male",45,83.475,1,1,0,0,0
64,0,2,"male",4,27.9,1,0,0,0,1
65,0,1,"male",16,27.7208,0,1,0,0,1
66,1,2,"male",15,15.2458,1,0,0,0,1
67,1,2,"female",29,10.5,0,0,1,1,0
68,0,2,"male",19,8.1583,0,0,0,0,0
69,1,2,"female",17,7.925,1,0,0,1,0
70,0,2,"male",26,8.6625,1,0,0,0,0
71,0,2,"male",32,10.5,0,0,1,0,0
72,0,2,"female",16,46.9,1,0,0,0,1
73,0,2,"male",21,73.5,0,0,1,0,0
74,0,2,"male",26,14.4542,1,0,0,0,0
75,1,2,"male",32,56.4958,0,0,0,0,0
76,0,2,"male",25,7.65,0,0,0,0,0
77,0,2,"male",26,7.8958,0,0,0,0,0
78,0,2,"male",29,8.05,0,0,0,0,0
79,1,2,"male",0.83,29,1,0,1,0,1
80,1,2,"female",30,12.475,0,0,0,1,0
81,0,2,"male",22,9,0,0,0,0,0
82,1,2,"male",29,9.5,0,0,0,0,0
83,1,2,"female",14,7.7875,0,0,0,0,1
84,0,1,"male",28,47.1,0,1,0,0,0
85,1,2,"female",17,10.5,0,0,1,1,0
86,1,2,"female",33,15.85,1,0,0,1,0
87,0,2,"male",16,34.375,1,0,0,0,1
88,0,2,"male",18,8.05,0,0,0,0,0
89,1,1,"female",23,263,1,1,0,1,0
90,0,2,"male",24,8.05,0,0,0,0,0
91,0,2,"male",29,8.05,0,0,0,0,0
92,0,2,"male",20,7.8542,0,0,0,0,0
93,0,1,"male",46,61.175,1,1,0,0,0
94,0,2,"male",26,20.575,1,0,0,0,0
95,0,2,"male",59,7.25,0,0,0,0,0
96,0,2,"male",14,8.05,0,0,0,0,1
97,0,1,"male",71,34.6542,0,1,0,0,0
98,1,1,"male",23,63.3583,1,1,0,0,0
99,1,2,"female",34,23,1,0,1,1,0
100,0,2,"male",34,26,1,0,1,0,0
101,0,2,"female",28,7.8958,0,0,0,1,0
102,0,2,"male",14,7.8958,0,0,0,0,1
103,0,1,"male",21,77.2875,1,1,0,0,0
104,0,2,"male",33,8.6542,0,0,0,0,0
105,0,2,"male",37,7.925,1,0,0,0,0
106,0,2,"male",28,7.8958,0,0,0,0,0
107,1,2,"female",21,7.65,0,0,0,1,0
108,1,2,"male",30,7.775,0,0,0,0,0
109,0,2,"male",38,7.8958,0,0,0,0,0
110,1,2,"female",24,24.15,1,0,0,1,0
111,0,1,"male",47,52,0,1,0,0,0
112,0,2,"female",14.5,14.4542,1,0,0,0,1
113,0,2,"male",22,8.05,0,0,0,0,0
114,0,2,"female",20,9.825,1,0,0,1,0
115,0,2,"female",17,14.4583,0,0,0,1,0
116,0,2,"male",21,7.925,0,0,0,0,0
117,0,2,"male",70.5,7.75,0,0,0,0,0
118,0,2,"male",29,21,1,0,1,0,0
119,0,1,"male",24,247.5208,1,1,0,0,0
120,0,2,"female",2,31.275,1,0,0,0,1
121,0,2,"male",21,73.5,1,0,1,0,0
122,0,2,"male",26,8.05,0,0,0,0,0
123,0,2,"male",32.5,30.0708,1,0,1,0,0
124,1,2,"female",32.5,13,0,0,1,1,0
125,0,1,"male",54,77.2875,1,1,0,0,0
126,1,2,"male",12,11.2417,1,0,0,0,1
127,0,2,"male",17,7.75,0,0,0,0,0
128,1,2,"male",24,7.1417,0,0,0,0,0
129,1,2,"female",20,22.3583,1,0,0,1,0
130,0,2,"male",45,6.975,0,0,0,0,0
131,0,2,"male",33,7.8958,0,0,0,0,0
132,0,2,"male",20,7.05,0,0,0,0,0
133,0,2,"female",47,14.5,1,0,0,1,0
134,1,2,"female",29,26,1,0,1,1,0
135,0,2,"male",25,13,0,0,1,0,0
136,0,2,"male",23,15.0458,0,0,1,0,0
137,1,1,"female",19,26.2833,1,1,0,1,0
138,0,1,"male",37,53.1,1,1,0,0,0
139,0,2,"male",16,9.2167,0,0,0,0,1
140,0,1,"male",24,79.2,0,1,0,0,0
141,0,2,"female",30,15.2458,1,0,0,1,0
142,1,2,"female",22,7.75,0,0,0,1,0
143,1,2,"female",24,15.85,1,0,0,1,0
144,0,2,"male",19,6.75,0,0,0,0,0
145,0,2,"male",18,11.5,0,0,1,0,0
146,0,2,"male",19,36.75,1,0,1,0,0
147,1,2,"male",27,7.7958,0,0,0,0,0
148,0,2,"female",9,34.375,1,0,0,0,1
149,0,2,"male",36.5,26,1,0,1,0,0
150,0,2,"male",42,13,0,0,1,0,0
151,0,2,"male",51,12.525,0,0,1,0,0
152,1,1,"female",22,66.6,1,1,0,1,0
153,0,2,"male",55.5,8.05,0,0,0,0,0
154,0,2,"male",40.5,14.5,1,0,0,0,0
155,0,2,"male",23,7.3125,0,0,0,0,0
156,0,1,"male",51,61.3792,1,1,0,0,0
157,1,2,"female",16,7.7333,0,0,0,0,1
158,0,2,"male",30,8.05,0,0,0,0,0
159,0,2,"male",22,8.6625,0,0,0,0,0
160,0,2,"male",14,69.55,1,0,0,0,1
161,0,2,"male",44,16.1,1,0,0,0,0
162,1,2,"female",40,15.75,0,0,1,1,0
163,0,2,"male",26,7.775,0,0,0,0,0
164,0,2,"male",17,8.6625,0,0,0,0,0
165,0,2,"male",1,39.6875,1,0,0,0,1
166,1,2,"male",9,20.525,1,0,0,0,1
167,1,1,"female",27,55,1,1,0,1,0
168,0,2,"female",45,27.9,1,0,0,1,0
169,0,1,"male",28,25.925,0,1,0,0,0
170,0,2,"male",28,56.4958,0,0,0,0,0
171,0,1,"male",61,33.5,0,1,0,0,0
172,0,2,"male",4,29.125,1,0,0,0,1
173,1,2,"female",1,11.1333,1,0,0,0,1
174,0,2,"male",21,7.925,0,0,0,0,0
175,0,1,"male",56,30.6958,0,1,0,0,0
176,0,2,"male",18,7.8542,1,0,0,0,0
177,0,2,"male",15,25.4667,1,0,0,0,1
178,0,1,"female",50,28.7125,0,1,0,1,0
179,0,2,"male",30,13,0,0,1,0,0
180,0,2,"male",36,0,0,0,0,0,0
181,0,2,"female",17,69.55,1,0,0,1,0
182,0,2,"male",24,15.05,0,0,1,0,0
183,0,2,"male",9,31.3875,1,0,0,0,1
184,1,2,"male",1,39,1,0,1,0,1
185,1,2,"female",4,22.025,1,0,0,0,1
186,0,1,"male",23,50,0,1,0,0,0
187,1,2,"female",25,15.5,1,0,0,1,0
188,1,1,"male",45,26.55,0,1,0,0,0
189,0,2,"male",40,15.5,1,0,0,0,0
190,0,2,"male",36,7.8958,0,0,0,0,0
191,1,2,"female",32,13,0,0,1,1,0
192,0,2,"male",19,13,0,0,1,0,0
193,1,2,"female",19,7.8542,1,0,0,1,0
194,1,2,"male",3,26,1,0,1,0,1
195,1,1,"female",44,27.7208,0,1,0,1,0
196,1,1,"female",58,146.5208,0,1,0,1,0
197,0,2,"male",16,7.75,0,0,0,0,1
198,0,2,"male",42,8.4042,1,0,0,0,0
199,1,2,"female",16,7.75,0,0,0,0,1
200,0,2,"female",24,13,0,0,1,1,0
201,0,2,"male",28,9.5,0,0,0,0,0
202,0,2,"male",17,69.55,1,0,0,0,0
203,0,2,"male",34,6.4958,0,0,0,0,0
204,0,2,"male",45.5,7.225,0,0,0,0,0
205,1,2,"male",18,8.05,0,0,0,0,0
206,0,2,"female",2,10.4625,1,0,0,0,1
207,0,2,"male",32,15.85,1,0,0,0,0
208,1,2,"male",26,18.7875,0,0,0,0,0
209,1,2,"female",16,7.75,0,0,0,0,1
210,1,1,"male",40,31,0,1,0,0,0
211,0,2,"male",24,7.05,0,0,0,0,0
212,1,2,"female",35,21,0,0,1,1,0
213,0,2,"male",22,7.25,0,0,0,0,0
214,0,2,"male",30,13,0,0,1,0,0
215,0,2,"male",14,7.75,1,0,0,0,1
216,1,1,"female",31,113.275,1,1,0,1,0
217,1,2,"female",27,7.925,0,0,0,1,0
218,0,2,"male",42,27,1,0,1,0,0
219,1,1,"female",32,76.2917,0,1,0,1,0
220,0,2,"male",30,10.5,0,0,1,0,0
221,1,2,"male",16,8.05,0,0,0,0,1
222,0,2,"male",27,13,0,0,1,0,0
223,0,2,"male",51,8.05,0,0,0,0,0
224,0,2,"male",29,7.8958,0,0,0,0,0
225,1,1,"male",38,90,1,1,0,0,0
226,0,2,"male",22,9.35,0,0,0,0,0
227,1,2,"male",19,10.5,0,0,1,0,0
228,0,2,"male",20.5,7.25,0,0,0,0,0
229,0,2,"male",18,13,0,0,1,0,0
230,0,2,"female",30,25.4667,1,0,0,1,0
231,1,1,"female",35,83.475,1,1,0,1,0
232,0,2,"male",29,7.775,0,0,0,0,0
233,0,2,"male",59,13.5,0,0,1,0,0
234,1,2,"female",5,31.3875,1,0,0,0,1
235,0,2,"male",24,10.5,0,0,1,0,0
236,0,2,"female",22,7.55,0,0,0,1,0
237,0,2,"male",44,26,1,0,1,0,0
238,1,2,"female",8,26.25,1,0,1,0,1
239,0,2,"male",19,10.5,0,0,1,0,0
240,0,2,"male",33,12.275,0,0,1,0,0
241,0,2,"female",14,14.4542,1,0,0,0,1
242,1,2,"female",21,15.5,1,0,0,1,0
243,0,2,"male",29,10.5,0,0,1,0,0
244,0,2,"male",22,7.125,0,0,0,0,0
245,0,2,"male",30,7.225,0,0,0,0,0
246,0,1,"male",44,90,1,1,0,0,0
247,0,2,"female",25,7.775,0,0,0,1,0
248,1,2,"female",24,14.5,1,0,1,1,0
249,1,1,"male",37,52.5542,1,1,0,0,0
250,0,2,"male",54,26,1,0,1,0,0
251,0,2,"male",27,7.25,0,0,0,0,0
252,0,2,"female",29,10.4625,1,0,0,1,0
253,0,1,"male",62,26.55,0,1,0,0,0
254,0,2,"male",30,16.1,1,0,0,0,0
255,0,2,"female",41,20.2125,1,0,0,1,0
256,1,2,"female",29,15.2458,1,0,0,1,0
257,1,1,"female",18,79.2,0,1,0,1,0
258,1,1,"female",30,86.5,0,1,0,1,0
259,1,1,"female",35,512.3292,0,1,0,1,0
260,1,2,"female",50,26,1,0,1,1,0
261,0,2,"male",14,7.75,0,0,0,0,1
262,1,2,"male",3,31.3875,1,0,0,0,1
263,0,1,"male",52,79.65,1,1,0,0,0
264,0,1,"male",40,0,0,1,0,0,0
265,0,2,"female",30,7.75,0,0,0,1,0
266,0,2,"male",36,10.5,0,0,1,0,0
267,0,2,"male",16,39.6875,1,0,0,0,1
268,1,2,"male",25,7.775,1,0,0,0,0
269,1,1,"female",58,153.4625,1,1,0,1,0
270,1,1,"female",35,135.6333,0,1,0,1,0
271,0,1,"male",24,31,0,1,0,0,0
272,1,2,"male",25,0,0,0,0,0,0
273,1,2,"female",41,19.5,1,0,1,1,0
274,0,1,"male",37,29.7,1,1,0,0,0
275,1,2,"female",25,7.75,0,0,0,1,0
276,1,1,"female",63,77.9583,1,1,0,1,0
277,0,2,"female",45,7.75,0,0,0,1,0
278,0,2,"male",16,0,0,0,1,0,1
279,0,2,"male",7,29.125,1,0,0,0,1
280,1,2,"female",35,20.25,1,0,0,1,0
281,0,2,"male",65,7.75,0,0,0,0,0
282,0,2,"male",28,7.8542,0,0,0,0,0
283,0,2,"male",16,9.5,0,0,0,0,1
284,1,2,"male",19,8.05,0,0,0,0,0
285,0,1,"male",26,26,0,1,0,0,0
286,0,2,"male",33,8.6625,0,0,0,0,0
287,1,2,"male",30,9.5,0,0,0,0,0
288,0,2,"male",22,7.8958,0,0,0,0,0
289,1,2,"male",42,13,0,0,1,0,0
290,1,2,"female",22,7.75,0,0,0,1,0
291,1,1,"female",26,78.85,0,1,0,1,0
292,1,1,"female",19,91.0792,1,1,0,1,0
293,0,2,"male",36,12.875,0,0,1,0,0
294,0,2,"female",24,8.85,0,0,0,1,0
295,0,2,"male",24,7.8958,0,0,0,0,0
296,0,1,"male",15,27.7208,0,1,0,0,1
297,0,2,"male",23.5,7.2292,0,0,0,0,0
298,0,1,"female",2,151.55,1,1,0,0,1
299,1,1,"male",25,30.5,0,1,0,0,0
300,1,1,"female",50,247.5208,1,1,0,1,0
301,1,2,"female",16,7.75,0,0,0,0,1
302,1,2,"male",18,23.25,1,0,0,0,0
303,0,2,"male",19,0,0,0,0,0,0
304,1,2,"female",25,12.35,0,0,1,1,0
305,0,2,"male",30,8.05,0,0,0,0,0
306,1,1,"male",0.92,151.55,1,1,0,0,1
307,1,1,"female",30,110.8833,0,1,0,1,0
308,1,1,"female",17,108.9,1,1,0,1,0
309,0,2,"male",30,24,1,0,1,0,0
310,1,1,"female",30,56.9292,0,1,0,1,0
311,1,1,"female",24,83.1583,0,1,0,1,0
312,1,1,"female",18,262.375,1,1,0,1,0
313,0,2,"female",26,26,1,0,1,1,0
314,0,2,"male",28,7.8958,0,0,0,0,0
315,0,2,"male",43,26.25,1,0,1,0,0
316,1,2,"female",26,7.8542,0,0,0,1,0
317,1,2,"female",24,26,1,0,1,1,0
318,0,2,"male",54,14,0,0,1,0,0
319,1,1,"female",31,164.8667,1,1,0,1,0
320,1,1,"female",40,134.5,1,1,0,1,0
321,0,2,"male",22,7.25,0,0,0,0,0
322,0,2,"male",27,7.8958,0,0,0,0,0
323,1,2,"female",30,12.35,0,0,1,1,0
324,1,2,"female",22,29,1,0,1,1,0
325,0,2,"male",22,69.55,1,0,0,0,0
326,1,1,"female",36,135.6333,0,1,0,1,0
327,0,2,"male",61,6.2375,0,0,0,0,0
328,1,2,"female",36,13,0,0,1,1,0
329,1,2,"female",31,20.525,1,0,0,1,0
330,1,1,"female",16,57.9792,1,1,0,0,1
331,1,2,"female",21,23.25,1,0,0,1,0
332,0,1,"male",45.5,28.5,0,1,0,0,0
333,0,1,"male",38,153.4625,1,1,0,0,0
334,0,2,"male",16,18,1,0,0,0,1
335,1,1,"female",25,133.65,1,1,0,1,0
336,0,2,"male",28,7.8958,0,0,0,0,0
337,0,1,"male",29,66.6,1,1,0,0,0
338,1,1,"female",41,134.5,0,1,0,1,0
339,1,2,"male",45,8.05,0,0,0,0,0
340,0,1,"male",45,35.5,0,1,0,0,0
341,1,2,"male",2,26,1,0,1,0,1
342,1,1,"female",24,263,1,1,0,1,0
343,0,2,"male",28,13,0,0,1,0,0
344,0,2,"male",25,13,0,0,1,0,0
345,0,2,"male",36,13,0,0,1,0,0
346,1,2,"female",24,13,0,0,1,1,0
347,1,2,"female",40,13,0,0,1,1,0
348,1,2,"female",29,16.1,1,0,0,1,0
349,1,2,"male",3,15.9,1,0,0,0,1
350,0,2,"male",42,8.6625,0,0,0,0,0
351,0,2,"male",23,9.225,0,0,0,0,0
352,0,1,"male",28,35,0,1,0,0,0
353,0,2,"male",15,7.2292,1,0,0,0,1
354,0,2,"male",25,17.8,1,0,0,0,0
355,0,2,"male",17,7.225,0,0,0,0,0
356,0,2,"male",28,9.5,0,0,0,0,0
357,1,1,"female",22,55,1,1,0,1,0
358,0,2,"female",38,13,0,0,1,1,0
359,1,2,"female",23,7.8792,0,0,0,1,0
360,1,2,"female",22,7.8792,0,0,0,1,0
361,0,2,"male",40,27.9,1,0,0,0,0
362,0,2,"male",29,27.7208,1,0,1,0,0
363,0,2,"female",45,14.4542,1,0,0,1,0
364,0,2,"male",35,7.05,0,0,0,0,0
365,0,2,"male",21,15.5,1,0,0,0,0
366,0,2,"male",30,7.25,0,0,0,0,0
367,1,1,"female",60,75.25,1,1,0,1,0
368,1,2,"female",21,7.2292,0,0,0,1,0
369,1,2,"female",14,7.75,0,0,0,0,1
370,1,1,"female",24,69.3,0,1,0,1,0
371,1,1,"male",25,55.4417,1,1,0,0,0
372,0,2,"male",18,6.4958,1,0,0,0,0
373,0,2,"male",19,8.05,0,0,0,0,0
374,0,1,"male",22,135.6333,0,1,0,0,0
375,0,2,"female",3,21.075,1,0,0,0,1
376,1,1,"female",21,82.1708,1,1,0,1,0
377,1,2,"female",22,7.25,0,0,0,1,0
378,0,1,"male",27,211.5,1,1,0,0,0
379,0,2,"male",20,4.0125,0,0,0,0,0
380,0,2,"male",19,7.775,0,0,0,0,0
381,1,1,"female",42,227.525,0,1,0,1,0
382,1,2,"female",1,15.7417,1,0,0,0,1
383,0,2,"male",32,7.925,0,0,0,0,0
384,1,1,"female",35,52,1,1,0,1,0
385,0,2,"male",26,7.8958,0,0,0,0,0
386,0,2,"male",18,73.5,0,0,1,0,0
387,0,2,"male",1,46.9,1,0,0,0,1
388,1,2,"female",36,13,0,0,1,1,0
389,0,2,"male",20,7.7292,0,0,0,0,0
390,1,2,"female",17,12,0,0,1,1,0
391,1,1,"male",36,120,1,1,0,0,0
392,1,2,"male",21,7.7958,0,0,0,0,0
393,0,2,"male",28,7.925,1,0,0,0,0
394,1,1,"female",23,113.275,1,1,0,1,0
395,1,2,"female",24,16.7,1,0,0,1,0
396,0,2,"male",22,7.7958,0,0,0,0,0
397,0,2,"female",31,7.8542,0,0,0,1,0
398,0,2,"male",46,26,0,0,1,0,0
399,0,2,"male",23,10.5,0,0,1,0,0
400,1,2,"female",28,12.65,0,0,1,1,0
401,1,2,"male",39,7.925,0,0,0,0,0
402,0,2,"male",26,8.05,0,0,0,0,0
403,0,2,"female",21,9.825,1,0,0,1,0
404,0,2,"male",28,15.85,1,0,0,0,0
405,0,2,"female",20,8.6625,0,0,0,1,0
406,0,2,"male",34,21,1,0,1,0,0
407,0,2,"male",51,7.75,0,0,0,0,0
408,1,2,"male",3,18.75,1,0,1,0,1
409,0,2,"male",21,7.775,0,0,0,0,0
410,0,2,"female",14,25.4667,1,0,0,0,1
411,0,2,"male",25,7.8958,0,0,0,0,0
412,0,2,"male",17,6.8583,0,0,0,0,0
413,1,1,"female",33,90,1,1,0,1,0
414,0,2,"male",23,0,0,0,1,0,0
415,1,2,"male",44,7.925,0,0,0,0,0
416,0,2,"female",21,8.05,0,0,0,1,0
417,1,2,"female",34,32.5,1,0,1,1,0
418,1,2,"female",18,13,1,0,1,1,0
419,0,2,"male",30,13,0,0,1,0,0
420,0,2,"female",10,24.15,1,0,0,0,1
421,0,2,"male",28,7.8958,0,0,0,0,0
422,0,2,"male",21,7.7333,0,0,0,0,0
423,0,2,"male",29,7.875,0,0,0,0,0
424,0,2,"female",28,14.4,1,0,0,1,0
425,0,2,"male",18,20.2125,1,0,0,0,0
426,0,2,"male",29,7.25,0,0,0,0,0
427,1,2,"female",28,26,1,0,1,1,0
428,1,2,"female",19,26,0,0,1,1,0
429,0,2,"male",30,7.75,0,0,0,0,0
430,1,2,"male",32,8.05,0,0,0,0,0
431,1,1,"male",28,26.55,0,1,0,0,0
432,1,2,"female",17,16.1,1,0,0,1,0
433,1,2,"female",42,26,1,0,1,1,0
434,0,2,"male",17,7.125,0,0,0,0,0
435,0,1,"male",50,55.9,1,1,0,0,0
436,1,1,"female",14,120,1,1,0,0,1
437,0,2,"female",21,34.375,1,0,0,1,0
438,1,2,"female",24,18.75,1,0,1,1,0
439,0,1,"male",64,263,1,1,0,0,0
440,0,2,"male",31,10.5,0,0,1,0,0
441,1,2,"female",45,26.25,1,0,1,1,0
442,0,2,"male",20,9.5,0,0,0,0,0
443,0,2,"male",25,7.775,1,0,0,0,0
444,1,2,"female",28,13,0,0,1,1,0
445,1,2,"male",20,8.1125,0,0,0,0,0
446,1,1,"male",4,81.8583,1,1,0,0,1
447,1,2,"female",13,19.5,1,0,1,0,1
448,1,1,"male",34,26.55,0,1,0,0,0
449,1,2,"female",5,19.2583,1,0,0,0,1
450,1,1,"male",52,30.5,0,1,0,0,0
451,0,2,"male",36,27.75,1,0,1,0,0
452,0,2,"male",19,19.9667,1,0,0,0,0
453,0,1,"male",30,27.75,0,1,0,0,0
454,1,1,"male",49,89.1042,1,1,0,0,0
455,0,2,"male",29,8.05,0,0,0,0,0
456,1,2,"male",29,7.8958,0,0,0,0,0
457,0,1,"male",65,26.55,0,1,0,0,0
458,1,1,"female",20,51.8625,1,1,0,1,0
459,1,2,"female",50,10.5,0,0,1,1,0
460,0,2,"male",23,7.75,0,0,0,0,0
461,1,1,"male",48,26.55,0,1,0,0,0
462,0,2,"male",34,8.05,0,0,0,0,0
463,0,1,"male",47,38.5,0,1,0,0,0
464,0,2,"male",48,13,0,0,1,0,0
465,0,2,"male",27,8.05,0,0,0,0,0
466,0,2,"male",38,7.05,0,0,0,0,0
467,0,2,"male",24,0,0,0,1,0,0
468,0,1,"male",56,26.55,0,1,0,0,0
469,0,2,"male",18,7.725,0,0,0,0,0
470,1,2,"female",0.75,19.2583,1,0,0,0,1
471,0,2,"male",26,7.25,0,0,0,0,0
472,0,2,"male",38,8.6625,0,0,0,0,0
473,1,2,"female",33,27.75,1,0,1,1,0
474,1,2,"female",23,13.7917,0,0,1,1,0
475,0,2,"female",22,9.8375,0,0,0,1,0
476,0,1,"male",25,52,0,1,0,0,0
477,0,2,"male",34,21,1,0,1,0,0
478,0,2,"male",29,7.0458,1,0,0,0,0
479,0,2,"male",22,7.5208,0,0,0,0,0
480,1,2,"female",2,12.2875,1,0,0,0,1
481,0,2,"male",9,46.9,1,0,0,0,1
482,0,2,"male",17,0,0,0,1,0,0
483,0,2,"male",50,8.05,0,0,0,0,0
484,1,2,"female",63,9.5875,0,0,0,1,0
485,1,1,"male",25,91.0792,1,1,0,0,0
486,0,2,"female",24,25.4667,1,0,0,1,0
487,1,1,"female",35,90,1,1,0,1,0
488,0,1,"male",58,29.7,0,1,0,0,0
489,0,2,"male",30,8.05,0,0,0,0,0
490,1,2,"male",9,15.9,1,0,0,0,1
491,0,2,"male",30,19.9667,1,0,0,0,0
492,0,2,"male",21,7.25,0,0,0,0,0
493,0,1,"male",55,30.5,0,1,0,0,0
494,0,1,"male",71,49.5042,0,1,0,0,0
495,0,2,"male",21,8.05,0,0,0,0,0
496,0,2,"male",18,14.4583,0,0,0,0,0
497,1,1,"female",54,78.2667,1,1,0,1,0
498,0,2,"male",22,15.1,0,0,0,0,0
499,0,1,"female",25,151.55,1,1,0,1,0
500,0,2,"male",24,7.7958,0,0,0,0,0
501,0,2,"male",17,8.6625,0,0,0,0,0
502,0,2,"female",21,7.75,0,0,0,1,0
503,0,2,"female",28,7.6292,0,0,0,1,0
504,0,2,"female",37,9.5875,0,0,0,1,0
505,1,1,"female",16,86.5,0,1,0,0,1
506,0,1,"male",18,108.9,1,1,0,0,0
507,1,2,"female",33,26,1,0,1,1,0
508,1,1,"male",20,26.55,0,1,0,0,0
509,0,2,"male",28,22.525,0,0,0,0,0
510,1,2,"male",26,56.4958,0,0,0,0,0
511,1,2,"male",29,7.75,0,0,0,0,0
512,0,2,"male",19,8.05,0,0,0,0,0
513,1,1,"male",36,26.2875,0,1,0,0,0
514,1,1,"female",54,59.4,1,1,0,1,0
515,0,2,"male",24,7.4958,0,0,0,0,0
516,0,1,"male",47,34.0208,0,1,0,0,0
517,1,2,"female",34,10.5,0,0,1,1,0
518,0,2,"male",22,24.15,0,0,0,0,0
519,1,2,"female",36,26,1,0,1,1,0
520,0,2,"male",32,7.8958,0,0,0,0,0
521,1,1,"female",30,93.5,0,1,0,1,0
522,0,2,"male",22,7.8958,0,0,0,0,0
523,0,2,"male",22,7.225,0,0,0,0,0
524,1,1,"female",44,57.9792,1,1,0,1,0
525,0,2,"male",27,7.2292,0,0,0,0,0
526,0,2,"male",40.5,7.75,0,0,0,0,0
527,1,2,"female",50,10.5,0,0,1,1,0
528,0,1,"male",19,221.7792,0,1,0,0,0
529,0,2,"male",39,7.925,0,0,0,0,0
530,0,2,"male",23,11.5,1,0,1,0,0
531,1,2,"female",2,26,1,0,1,0,1
532,0,2,"male",24,7.2292,0,0,0,0,0
533,0,2,"male",17,7.2292,1,0,0,0,0
534,1,2,"female",14,22.3583,1,0,0,0,1
535,0,2,"female",30,8.6625,0,0,0,1,0
536,1,2,"female",7,26.25,1,0,1,0,1
537,0,1,"male",45,26.55,0,1,0,0,0
538,1,1,"female",30,106.425,0,1,0,1,0
539,0,2,"male",29,14.5,0,0,0,0,0
540,1,1,"female",22,49.5,1,1,0,1,0
541,1,1,"female",36,71,1,1,0,1,0
542,0,2,"female",9,31.275,1,0,0,0,1
543,0,2,"female",11,31.275,1,0,0,0,1
544,1,2,"male",32,26,1,0,1,0,0
545,0,1,"male",50,106.425,1,1,0,0,0
546,0,1,"male",64,26,0,1,0,0,0
547,1,2,"female",19,26,1,0,1,1,0
548,1,2,"male",14,13.8625,0,0,1,0,1
549,0,2,"male",33,20.525,1,0,0,0,0
550,1,2,"male",8,36.75,1,0,1,0,1
551,1,1,"male",17,110.8833,1,1,0,0,0
552,0,2,"male",27,26,0,0,1,0,0
553,0,2,"male",29,7.8292,0,0,0,0,0
554,1,2,"male",22,7.225,0,0,0,0,0
555,1,2,"female",22,7.775,0,0,0,1,0
556,0,1,"male",62,26.55,0,1,0,0,0
557,1,1,"female",48,39.6,1,1,0,1,0
558,0,1,"male",24,227.525,0,1,0,0,0
559,1,1,"female",39,79.65,1,1,0,1,0
560,1,2,"female",36,17.4,1,0,0,1,0
561,0,2,"male",19,7.75,0,0,0,0,0
562,0,2,"male",40,7.8958,0,0,0,0,0
563,0,2,"male",28,13.5,0,0,1,0,0
564,0,2,"male",25,8.05,0,0,0,0,0
565,0,2,"female",15,8.05,0,0,0,0,1
566,0,2,"male",24,24.15,1,0,0,0,0
567,0,2,"male",19,7.8958,0,0,0,0,0
568,0,2,"female",29,21.075,1,0,0,1,0
569,0,2,"male",20,7.2292,0,0,0,0,0
570,1,2,"male",32,7.8542,0,0,0,0,0
571,1,2,"male",62,10.5,0,0,1,0,0
572,1,1,"female",53,51.4792,1,1,0,1,0
573,1,1,"male",36,26.3875,0,1,0,0,0
574,1,2,"female",19,7.75,0,0,0,1,0
575,0,2,"male",16,8.05,0,0,0,0,1
576,0,2,"male",19,14.5,0,0,0,0,0
577,1,2,"female",34,13,0,0,1,1,0
578,1,1,"female",39,55.9,1,1,0,1,0
579,0,2,"female",18,14.4583,1,0,0,1,0
580,1,2,"male",32,7.925,0,0,0,0,0
581,1,2,"female",25,30,1,0,1,1,0
582,1,1,"female",39,110.8833,1,1,0,1,0
583,0,2,"male",54,26,0,0,1,0,0
584,0,1,"male",36,40.125,0,1,0,0,0
585,0,2,"male",19,8.7125,0,0,0,0,0
586,1,1,"female",18,79.65,1,1,0,1,0
587,0,2,"male",47,15,0,0,1,0,0
588,1,1,"male",60,79.2,1,1,0,0,0
589,0,2,"male",22,8.05,0,0,0,0,0
590,0,2,"male",26,8.05,0,0,0,0,0
591,0,2,"male",35,7.125,0,0,0,0,0
592,1,1,"female",52,78.2667,1,1,0,1,0
593,0,2,"male",47,7.25,0,0,0,0,0
594,0,2,"female",23,7.75,1,0,0,1,0
595,0,2,"male",37,26,1,0,1,0,0
596,0,2,"male",36,24.15,1,0,0,0,0
597,1,2,"female",27,33,0,0,1,1,0
598,0,2,"male",49,0,0,0,0,0,0
599,0,2,"male",29,7.225,0,0,0,0,0
600,1,1,"male",49,56.9292,1,1,0,0,0
601,1,2,"female",24,27,1,0,1,1,0
602,0,2,"male",22,7.8958,0,0,0,0,0
603,0,1,"male",16,42.4,0,1,0,0,1
604,0,2,"male",44,8.05,0,0,0,0,0
605,1,1,"male",35,26.55,0,1,0,0,0
606,0,2,"male",36,15.55,1,0,0,0,0
607,0,2,"male",30,7.8958,0,0,0,0,0
608,1,1,"male",27,30.5,0,1,0,0,0
609,1,2,"female",22,41.5792,1,0,1,1,0
610,1,1,"female",40,153.4625,0,1,0,1,0
611,0,2,"female",39,31.275,1,0,0,1,0
612,0,2,"male",17,7.05,0,0,0,0,0
613,1,2,"female",28,15.5,1,0,0,1,0
614,0,2,"male",24,7.75,0,0,0,0,0
615,0,2,"male",35,8.05,0,0,0,0,0
616,1,2,"female",24,65,1,0,1,1,0
617,0,2,"male",34,14.4,1,0,0,0,0
618,0,2,"female",26,16.1,1,0,0,1,0
619,1,2,"female",4,39,1,0,1,0,1
620,0,2,"male",26,10.5,0,0,1,0,0
621,0,2,"male",27,14.4542,1,0,0,0,0
622,1,1,"male",42,52.5542,1,1,0,0,0
623,1,2,"male",20,15.7417,1,0,0,0,0
624,0,2,"male",21,7.8542,0,0,0,0,0
625,0,2,"male",21,16.1,0,0,0,0,0
626,0,1,"male",61,32.3208,0,1,0,0,0
627,0,2,"male",57,12.35,0,0,1,0,0
628,1,1,"female",21,77.9583,0,1,0,1,0
629,0,2,"male",26,7.8958,0,0,0,0,0
630,0,2,"male",25,7.7333,0,0,0,0,0
631,1,1,"male",80,30,0,1,0,0,0
632,0,2,"male",51,7.0542,0,0,0,0,0
633,1,1,"male",32,30.5,0,1,0,0,0
634,0,1,"male",28,0,0,1,0,0,0
635,0,2,"female",9,27.9,1,0,0,0,1
636,1,2,"female",28,13,0,0,1,1,0
637,0,2,"male",32,7.925,0,0,0,0,0
638,0,2,"male",31,26.25,1,0,1,0,0
639,0,2,"female",41,39.6875,1,0,0,1,0
640,0,2,"male",24,16.1,1,0,0,0,0
641,0,2,"male",20,7.8542,0,0,0,0,0
642,1,1,"female",24,69.3,0,1,0,1,0
643,0,2,"female",2,27.9,1,0,0,0,1
644,1,2,"male",25,56.4958,0,0,0,0,0
645,1,2,"female",0.75,19.2583,1,0,0,0,1
646,1,1,"male",48,76.7292,1,1,0,0,0
647,0,2,"male",19,7.8958,0,0,0,0,0
648,1,1,"male",56,35.5,0,1,0,0,0
649,0,2,"male",24,7.55,0,0,0,0,0
650,1,2,"female",23,7.55,0,0,0,1,0
651,0,2,"male",22,7.8958,0,0,0,0,0
652,1,2,"female",18,23,1,0,1,1,0
653,0,2,"male",21,8.4333,0,0,0,0,0
654,1,2,"female",20,7.8292,0,0,0,1,0
655,0,2,"female",18,6.75,0,0,0,1,0
656,0,2,"male",24,73.5,1,0,1,0,0
657,0,2,"male",15,7.8958,0,0,0,0,1
658,0,2,"female",32,15.5,1,0,0,1,0
659,0,2,"male",23,13,0,0,1,0,0
660,0,1,"male",58,113.275,1,1,0,0,0
661,1,1,"male",50,133.65,1,1,0,0,0
662,0,2,"male",40,7.225,0,0,0,0,0
663,0,1,"male",47,25.5875,0,1,0,0,0
664,0,2,"male",36,7.4958,0,0,0,0,0
665,1,2,"male",20,7.925,1,0,0,0,0
666,0,2,"male",32,73.5,1,0,1,0,0
667,0,2,"male",25,13,0,0,1,0,0
668,0,2,"male",30,7.775,0,0,0,0,0
669,0,2,"male",43,8.05,0,0,0,0,0
670,1,1,"female",16,52,1,1,0,0,1
671,1,2,"female",40,39,1,0,1,1,0
672,0,1,"male",31,52,1,1,0,0,0
673,0,2,"male",70,10.5,0,0,1,0,0
674,1,2,"male",31,13,0,0,1,0,0
675,0,2,"male",21,0,0,0,1,0,0
676,0,2,"male",18,7.775,0,0,0,0,0
677,0,2,"male",24.5,8.05,0,0,0,0,0
678,1,2,"female",18,9.8417,0,0,0,1,0
679,0,2,"female",43,46.9,1,0,0,1,0
680,1,1,"male",36,512.3292,1,1,0,0,0
681,0,2,"female",21,8.1375,0,0,0,1,0
682,1,1,"male",27,76.7292,0,1,0,0,0
683,0,2,"male",20,9.225,0,0,0,0,0
684,0,2,"male",14,46.9,1,0,0,0,1
685,0,2,"male",60,39,1,0,1,0,0
686,0,2,"male",25,41.5792,1,0,1,0,0
687,0,2,"male",14,39.6875,1,0,0,0,1
688,0,2,"male",19,10.1708,0,0,0,0,0
689,0,2,"male",18,7.7958,0,0,0,0,0
690,1,1,"female",15,211.3375,1,1,0,0,1
691,1,1,"male",31,57,1,1,0,0,0
692,1,2,"female",4,13.4167,1,0,0,0,1
693,1,2,"male",22,56.4958,0,0,0,0,0
694,0,2,"male",25,7.225,0,0,0,0,0
695,0,1,"male",60,26.55,0,1,0,0,0
696,0,2,"male",52,13.5,0,0,1,0,0
697,0,2,"male",44,8.05,0,0,0,0,0
698,1,2,"female",15,7.7333,0,0,0,0,1
699,0,1,"male",49,110.8833,1,1,0,0,0
700,0,2,"male",42,7.65,0,0,0,0,0
701,1,1,"female",18,227.525,1,1,0,1,0
702,1,1,"male",35,26.2875,0,1,0,0,0
703,0,2,"female",18,14.4542,1,0,0,1,0
704,0,2,"male",25,7.7417,0,0,0,0,0
705,0,2,"male",26,7.8542,1,0,0,0,0
706,0,2,"male",39,26,0,0,1,0,0
707,1,2,"female",45,13.5,0,0,1,1,0
708,1,1,"male",42,26.2875,0,1,0,0,0
709,1,1,"female",22,151.55,0,1,0,1,0
710,1,2,"male",22,15.2458,1,0,0,0,0
711,1,1,"female",24,49.5042,0,1,0,1,0
712,0,1,"male",15,26.55,0,1,0,0,1
713,1,1,"male",48,52,1,1,0,0,0
714,0,2,"male",29,9.4833,0,0,0,0,0
715,0,2,"male",52,13,0,0,1,0,0
716,0,2,"male",19,7.65,0,0,0,0,0
717,1,1,"female",38,227.525,0,1,0,1,0
718,1,2,"female",27,10.5,0,0,1,1,0
719,0,2,"male",20,15.5,0,0,0,0,0
720,0,2,"male",33,7.775,0,0,0,0,0
721,1,2,"female",6,33,1,0,1,0,1
722,0,2,"male",17,7.0542,1,0,0,0,0
723,0,2,"male",34,13,0,0,1,0,0
724,0,2,"male",50,13,0,0,1,0,0
725,1,1,"male",27,53.1,1,1,0,0,0
726,0,2,"male",20,8.6625,0,0,0,0,0
727,1,2,"female",30,21,1,0,1,1,0
728,1,2,"female",15,7.7375,0,0,0,0,1
729,0,2,"male",25,26,1,0,1,0,0
730,0,2,"female",25,7.925,1,0,0,1,0
731,1,1,"female",29,211.3375,0,1,0,1,0
732,0,2,"male",11,18.7875,0,0,0,0,1
733,0,2,"male",24,0,0,0,1,0,0
734,0,2,"male",23,13,0,0,1,0,0
735,0,2,"male",23,13,0,0,1,0,0
736,0,2,"male",28.5,16.1,0,0,0,0,0
737,0,2,"female",48,34.375,1,0,0,1,0
738,1,1,"male",35,512.3292,0,1,0,0,0
739,0,2,"male",28,7.8958,0,0,0,0,0
740,0,2,"male",17,7.8958,0,0,0,0,0
741,1,1,"male",22,30,0,1,0,0,0
742,0,1,"male",36,78.85,1,1,0,0,0
743,1,1,"female",21,262.375,1,1,0,1,0
744,0,2,"male",24,16.1,1,0,0,0,0
745,1,2,"male",31,7.925,0,0,0,0,0
746,0,1,"male",70,71,1,1,0,0,0
747,0,2,"male",16,20.25,1,0,0,0,1
748,1,2,"female",30,13,0,0,1,1,0
749,0,1,"male",19,53.1,1,1,0,0,0
750,0,2,"male",31,7.75,0,0,0,0,0
751,1,2,"female",4,23,1,0,1,0,1
752,1,2,"male",6,12.475,1,0,0,0,1
753,0,2,"male",33,9.5,0,0,0,0,0
754,0,2,"male",23,7.8958,0,0,0,0,0
755,1,2,"female",48,65,1,0,1,1,0
756,1,2,"male",0.67,14.5,1,0,1,0,1
757,0,2,"male",28,7.7958,0,0,0,0,0
758,0,2,"male",18,11.5,0,0,1,0,0
759,0,2,"male",34,8.05,0,0,0,0,0
760,1,1,"female",33,86.5,0,1,0,1,0
761,0,2,"male",21,14.5,0,0,0,0,0
762,0,2,"male",41,7.125,0,0,0,0,0
763,1,2,"male",20,7.2292,0,0,0,0,0
764,1,1,"female",36,120,1,1,0,1,0
765,0,2,"male",16,7.775,0,0,0,0,1
766,1,1,"female",51,77.9583,1,1,0,1,0
767,0,1,"male",17,39.6,0,1,0,0,0
768,0,2,"female",30.5,7.75,0,0,0,1,0
769,0,2,"male",27,24.15,1,0,0,0,0
770,0,2,"male",32,8.3625,0,0,0,0,0
771,0,2,"male",24,9.5,0,0,0,0,0
772,0,2,"male",48,7.8542,0,0,0,0,0
773,0,2,"female",57,10.5,0,0,1,1,0
774,0,2,"male",29,7.225,0,0,0,0,0
775,1,2,"female",54,23,1,0,1,1,0
776,0,2,"male",18,7.75,0,0,0,0,0
777,0,2,"male",24,7.75,0,0,0,0,0
778,1,2,"female",5,12.475,0,0,0,0,1
779,0,2,"male",23,7.7375,0,0,0,0,0
780,1,1,"female",43,211.3375,1,1,0,1,0
781,1,2,"female",13,7.2292,0,0,0,0,1
782,1,1,"female",17,57,1,1,0,1,0
783,0,1,"male",29,30,0,1,0,0,0
784,0,2,"male",30,23.45,1,0,0,0,0
785,0,2,"male",25,7.05,0,0,0,0,0
786,0,2,"male",25,7.25,0,0,0,0,0
787,1,2,"female",18,7.4958,0,0,0,1,0
788,0,2,"male",8,29.125,1,0,0,0,1
789,1,2,"male",1,20.575,1,0,0,0,1
790,0,1,"male",46,79.2,0,1,0,0,0
791,0,2,"male",26,7.75,0,0,0,0,0
792,0,2,"male",16,26,0,0,1,0,1
793,0,2,"female",17,69.55,1,0,0,1,0
794,0,1,"male",18,30.6958,0,1,0,0,0
795,0,2,"male",25,7.8958,0,0,0,0,0
796,0,2,"male",39,13,0,0,1,0,0
797,1,1,"female",49,25.9292,0,1,0,1,0
798,1,2,"female",31,8.6833,0,0,0,1,0
799,0,2,"male",30,7.2292,0,0,0,0,0
800,0,2,"female",30,24.15,1,0,0,1,0
801,0,2,"male",34,13,0,0,1,0,0
802,1,2,"female",31,26.25,1,0,1,1,0
803,1,1,"male",11,120,1,1,0,0,1
804,1,2,"male",0.42,8.5167,1,0,0,0,1
805,1,2,"male",27,6.975,0,0,0,0,0
806,0,2,"male",31,7.775,0,0,0,0,0
807,0,1,"male",39,0,0,1,0,0,0
808,0,2,"female",18,7.775,0,0,0,1,0
809,0,2,"male",39,13,0,0,1,0,0
810,1,1,"female",33,53.1,1,1,0,1,0
811,0,2,"male",26,7.8875,0,0,0,0,0
812,0,2,"male",39,24.15,0,0,0,0,0
813,0,2,"male",35,10.5,0,0,1,0,0
814,0,2,"female",6,31.275,1,0,0,0,1
815,0,2,"male",30.5,8.05,0,0,0,0,0
816,0,1,"male",28,0,0,1,0,0,0
817,0,2,"female",23,7.925,0,0,0,1,0
818,0,2,"male",31,37.0042,1,0,1,0,0
819,0,2,"male",43,6.45,0,0,0,0,0
820,0,2,"male",10,27.9,1,0,0,0,1
821,1,1,"female",52,93.5,1,1,0,1,0
822,1,2,"male",27,8.6625,0,0,0,0,0
823,0,1,"male",38,0,0,1,0,0,0
824,1,2,"female",27,12.475,1,0,0,1,0
825,0,2,"male",2,39.6875,1,0,0,0,1
826,0,2,"male",25,6.95,0,0,0,0,0
827,0,2,"male",28,56.4958,0,0,0,0,0
828,1,2,"male",1,37.0042,1,0,1,0,1
829,1,2,"male",23,7.75,0,0,0,0,0
830,1,1,"female",62,80,0,1,0,1,0
831,1,2,"female",15,14.4542,1,0,0,0,1
832,1,2,"male",0.83,18.75,1,0,1,0,1
833,0,2,"male",20,7.2292,0,0,0,0,0
834,0,2,"male",23,7.8542,0,0,0,0,0
835,0,2,"male",18,8.3,0,0,0,0,0
836,1,1,"female",39,83.1583,1,1,0,1,0
837,0,2,"male",21,8.6625,0,0,0,0,0
838,0,2,"male",14,8.05,0,0,0,0,1
839,1,2,"male",32,56.4958,0,0,0,0,0
840,1,1,"male",23,29.7,0,1,0,0,0
841,0,2,"male",20,7.925,0,0,0,0,0
842,0,2,"male",16,10.5,0,0,1,0,1
843,1,1,"female",30,31,0,1,0,1,0
844,0,2,"male",34.5,6.4375,0,0,0,0,0
845,0,2,"male",17,8.6625,0,0,0,0,0
846,0,2,"male",42,7.55,0,0,0,0,0
847,0,2,"male",26,69.55,1,0,0,0,0
848,0,2,"male",35,7.8958,0,0,0,0,0
849,0,2,"male",28,33,1,0,1,0,0
850,1,1,"female",16,89.1042,1,1,0,0,1
851,0,2,"male",4,31.275,1,0,0,0,1
852,0,2,"male",74,7.775,0,0,0,0,0
853,0,2,"female",9,15.2458,1,0,0,0,1
854,1,1,"female",16,39.4,1,1,0,0,1
855,0,2,"female",44,26,1,0,1,1,0
856,1,2,"female",18,9.35,1,0,0,1,0
857,1,1,"female",45,164.8667,1,1,0,1,0
858,1,1,"male",51,26.55,0,1,0,0,0
859,1,2,"female",24,19.2583,1,0,0,1,0
860,0,2,"male",20,7.2292,0,0,0,0,0
861,0,2,"male",41,14.1083,1,0,0,0,0
862,0,2,"male",21,11.5,1,0,1,0,0
863,1,1,"female",48,25.9292,0,1,0,1,0
864,0,2,"female",29,69.55,1,0,0,1,0
865,0,2,"male",24,13,0,0,1,0,0
866,1,2,"female",42,13,0,0,1,1,0
867,1,2,"female",27,13.8583,1,0,1,1,0
868,0,1,"male",31,50.4958,0,1,0,0,0
869,0,2,"male",22,9.5,0,0,0,0,0
870,1,2,"male",4,11.1333,1,0,0,0,1
871,0,2,"male",26,7.8958,0,0,0,0,0
872,1,1,"female",47,52.5542,1,1,0,1,0
873,0,1,"male",33,5,0,1,0,0,0
874,0,2,"male",47,9,0,0,0,0,0
875,1,2,"female",28,24,1,0,1,1,0
876,1,2,"female",15,7.225,0,0,0,0,1
877,0,2,"male",20,9.8458,0,0,0,0,0
878,0,2,"male",19,7.8958,0,0,0,0,0
879,0,2,"male",15,7.8958,0,0,0,0,1
880,1,1,"female",56,83.1583,1,1,0,1,0
881,1,2,"female",25,26,1,0,1,1,0
882,0,2,"male",33,7.8958,0,0,0,0,0
883,0,2,"female",22,10.5167,0,0,0,1,0
884,0,2,"male",28,10.5,0,0,1,0,0
885,0,2,"male",25,7.05,0,0,0,0,0
886,0,2,"female",39,29.125,1,0,0,1,0
887,0,2,"male",27,13,0,0,1,0,0
888,1,1,"female",19,30,0,1,0,1,0
889,0,2,"female",16,23.45,1,0,0,0,1
890,1,1,"male",26,30,0,1,0,0,0
891,0,2,"male",32,7.75,0,0,0,0,0
892,0,2,"male",34.5,7.8292,0,0,0,0,0
893,1,2,"female",47,7,1,0,0,1,0
894,0,2,"male",62,9.6875,0,0,1,0,0
895,0,2,"male",27,8.6625,0,0,0,0,0
896,1,2,"female",22,12.2875,1,0,0,1,0
897,1,2,"male",14,9225,0,0,0,0,1
898,0,2,"female",30,7.6292,0,0,0,1,0
899,1,2,"male",26,29,1,0,1,0,0
900,1,2,"female",18,7.2292,0,0,0,1,0
901,0,2,"male",21,24.15,1,0,0,0,0
902,0,2,"male",16,7.8958,0,0,0,0,1
903,0,1,"male",46,26,0,1,0,0,0
904,1,1,"female",23,82.2667,1,1,0,1,0
905,0,2,"male",63,26,1,0,1,0,0
906,1,1,"female",47,61175,1,1,0,1,0
907,1,2,"female",24,27.7208,1,0,1,1,0
908,0,2,"male",35,12.35,0,0,1,0,0
909,0,2,"male",21,7225,0,0,0,0,0
910,0,2,"female",27,7925,1,0,0,1,0
911,1,2,"female",45,7225,0,0,0,1,0
912,0,1,"male",55,59.4,1,1,0,0,0
913,1,2,"male",9,3.1708,1,0,0,0,1
914,1,1,"female",30,31.6833,0,1,0,1,0
915,1,1,"male",21,61.3792,1,1,0,0,0
916,1,1,"female",48,262375,1,1,0,1,0
917,0,2,"male",50,14.5,1,0,0,0,0
918,1,1,"female",22,61.9792,1,1,0,1,0
919,0,2,"male",22.5,7225,0,0,0,0,0
920,0,1,"male",41,30.5,0,1,0,0,0
921,0,2,"male",22,21.6792,1,0,0,0,0
922,0,2,"male",50,26,1,0,1,0,0
923,0,2,"male",24,31.5,1,0,1,0,0
924,1,2,"female",33,20575,1,0,0,1,0
925,0,2,"female",23,23.45,1,0,0,1,0
926,1,1,"male",30,57.75,1,1,0,0,0
927,0,2,"male",18.5,7.2292,0,0,0,0,0
928,1,2,"female",28,8.05,0,0,0,1,0
929,0,2,"female",21,8.6625,0,0,0,1,0
930,1,2,"male",25,9.5,0,0,0,0,0
931,1,2,"male",21,56.4958,0,0,0,0,0
932,1,2,"male",39,13.4167,1,0,0,0,0
933,0,1,"male",15,26.55,0,1,0,0,1
934,0,2,"male",41,7.85,0,0,0,0,0
935,0,2,"female",30,13,0,0,1,1,0
936,1,1,"female",45,52.5542,1,1,0,1,0
937,0,2,"male",25,7925,0,0,0,0,0
938,1,1,"male",45,29.7,0,1,0,0,0
939,0,2,"male",22,7.75,0,0,0,0,0
940,1,1,"female",60,76.2917,0,1,0,1,0
941,1,2,"female",36,15.9,1,0,0,1,0
942,0,1,"male",24,60,1,1,0,0,0
943,0,2,"male",27,15.0333,0,0,1,0,0
944,1,2,"female",20,23,1,0,1,1,0
945,1,1,"female",28,263,1,1,0,1,0
946,0,2,"male",20,15.5792,0,0,1,0,0
947,0,2,"male",10,29125,1,0,0,0,1
948,0,2,"male",35,7.8958,0,0,0,0,0
949,1,2,"male",25,7.65,0,0,0,0,0
950,0,2,"male",29,16.1,1,0,0,0,0
951,1,1,"female",36,262375,0,1,0,1,0
952,0,2,"male",17,7.8958,0,0,0,0,0
953,0,2,"male",32,13.5,0,0,1,0,0
954,0,2,"male",18,7.75,0,0,0,0,0
955,1,2,"female",22,7725,0,0,0,1,0
956,1,1,"male",13,262375,1,1,0,0,1
957,0,2,"female",26,21,0,0,1,1,0
958,0,2,"female",18,7.8792,0,0,0,1,0
959,0,1,"male",47,42.4,0,1,0,0,0
960,1,1,"male",31,28.5375,0,1,0,0,0
961,1,1,"female",60,263,1,1,0,1,0
962,1,2,"female",24,7.75,0,0,0,1,0
963,0,2,"male",21,7.8958,0,0,0,0,0
964,0,2,"female",29,7925,0,0,0,1,0
965,0,1,"male",28.5,27.7208,0,1,0,0,0
966,1,1,"female",35,211.5,0,1,0,1,0
967,0,1,"male",32.5,211.5,0,1,0,0,0
968,0,2,"male",24,8.05,0,0,0,0,0
969,1,1,"female",55,25.7,1,1,0,1,0
970,0,2,"male",30,13,0,0,1,0,0
971,0,2,"female",24,7.75,0,0,0,1,0
972,0,2,"male",6,15.2458,1,0,0,0,1
973,0,1,"male",67,221.7792,1,1,0,0,0
974,0,1,"male",49,26,0,1,0,0,0
975,0,2,"male",24,7.8958,0,0,0,0,0
976,0,2,"male",28,10.7083,0,0,1,0,0
977,0,2,"male",27,14.4542,1,0,0,0,0
978,0,2,"female",27,7.8792,0,0,0,1,0
979,1,2,"female",18,8.05,0,0,0,1,0
980,0,2,"female",27,7.75,0,0,0,1,0
981,1,2,"male",2,23,1,0,1,0,1
982,1,2,"female",22,13.9,1,0,0,1,0
983,0,2,"male",21,7775,0,0,0,0,0
984,1,1,"female",27,52,1,1,0,1,0
985,0,2,"male",24,8.05,0,0,0,0,0
986,0,1,"male",25,26,0,1,0,0,0
987,1,2,"male",25,7.7958,0,0,0,0,0
988,1,1,"female",76,78.85,1,1,0,1,0
989,0,2,"male",29,7925,0,0,0,0,0
990,0,2,"female",20,7.8542,0,0,0,1,0
991,0,2,"male",33,8.05,0,0,0,0,0
992,1,1,"female",43,55.4417,1,1,0,1,0
993,0,2,"male",27,26,1,0,1,0,0
994,0,2,"male",27,7.75,0,0,0,0,0
995,1,2,"male",26,7775,0,0,0,0,0
996,1,2,"female",16,8.5167,1,0,0,0,1
997,0,2,"male",28,22525,0,0,0,0,0
998,1,2,"male",21,7.8208,0,0,0,0,0
999,1,2,"male",18,7.75,0,0,0,0,0
1000,0,2,"male",17,8.7125,0,0,0,0,0
1001,0,2,"male",18.5,13,0,0,1,0,0
1002,0,2,"male",41,15.0458,0,0,1,0,0
1003,1,2,"female",15,7.7792,0,0,0,0,1
1004,0,1,"female",36,31.6792,0,1,0,1,0
1005,0,2,"female",18.5,7.2833,0,0,0,1,0
1006,0,1,"female",63,221.7792,1,1,0,1,0
1007,0,2,"male",18,14.4542,1,0,0,0,0
1008,0,2,"male",20,6.4375,0,0,0,0,0
1009,1,2,"female",1,16.7,1,0,0,0,1
1010,0,1,"male",36,75.2417,0,1,0,0,0
1011,0,2,"female",29,26,1,0,1,1,0
1012,1,2,"female",12,15.75,0,0,1,0,1
1013,0,2,"male",28,7.75,1,0,0,0,0
1014,1,1,"female",35,57.75,1,1,0,1,0
1015,0,2,"male",28,7.25,0,0,0,0,0
1016,1,2,"male",25,7.75,0,0,0,0,0
1017,1,2,"female",17,16.1,1,0,0,1,0
1018,0,2,"male",22,7.7958,0,0,0,0,0
1019,1,2,"female",15,23.25,1,0,0,0,1
1020,0,2,"male",42,13,0,0,1,0,0
1021,0,2,"male",24,8.05,0,0,0,0,0
1022,0,2,"male",32,8.05,0,0,0,0,0
1023,1,1,"male",53,28.5,0,1,0,0,0
1024,0,2,"female",29,25.4667,1,0,0,1,0
1025,0,2,"male",25,6.4375,1,0,0,0,0
1026,0,2,"male",43,7.8958,0,0,0,0,0
1027,0,2,"male",24,7.8542,0,0,0,0,0
1028,0,2,"male",26.5,7225,0,0,0,0,0
1029,0,2,"male",26,13,0,0,1,0,0
1030,1,2,"female",23,8.05,0,0,0,1,0
1031,0,2,"male",40,46.9,1,0,0,0,0
1032,0,2,"female",10,46.9,1,0,0,0,1
1033,1,1,"female",33,151.55,0,1,0,1,0
1034,0,1,"male",61,262375,1,1,0,0,0
1035,0,2,"male",28,26,0,0,1,0,0
1036,0,1,"male",42,26.55,0,1,0,0,0
1037,0,2,"male",31,18,1,0,0,0,0
1038,0,1,"male",26,51.8625,0,1,0,0,0
1039,0,2,"male",22,8.05,0,0,0,0,0
1040,0,1,"male",22,26.55,0,1,0,0,0
1041,0,2,"male",30,26,1,0,1,0,0
1042,1,1,"female",23,83.1583,1,1,0,1,0
1043,0,2,"male",21,7.8958,0,0,0,0,0
1044,0,2,"male",60.5,NA,0,0,0,0,0
1045,0,2,"female",36,12.1833,1,0,0,1,0
1046,0,2,"male",13,31.3875,1,0,0,0,1
1047,1,2,"male",24,7.55,0,0,0,0,0
1048,1,1,"female",29,221.7792,0,1,0,1,0
1049,1,2,"female",23,7.8542,0,0,0,1,0
1050,0,1,"male",42,26.55,0,1,0,0,0
1051,0,2,"female",26,13775,1,0,0,1,0
1052,1,2,"female",19,7.7333,0,0,0,1,0
1053,1,2,"male",7,15.2458,1,0,0,0,1
1054,1,2,"female",26,13.5,0,0,1,1,0
1055,0,2,"male",14,7,0,0,0,0,1
1056,0,2,"male",41,13,0,0,1,0,0
1057,1,2,"female",26,22025,1,0,0,1,0
1058,0,1,"male",48,50.4958,0,1,0,0,0
1059,0,2,"male",18,34375,1,0,0,0,0
1060,1,1,"female",24,27.7208,0,1,0,1,0
1061,1,2,"female",22,8.9625,0,0,0,1,0
1062,0,2,"male",14,7.55,0,0,0,0,1
1063,0,2,"male",27,7225,0,0,0,0,0
1064,0,2,"male",23,13.9,1,0,0,0,0
1065,0,2,"male",15,7.2292,0,0,0,0,1
1066,0,2,"male",40,31.3875,1,0,0,0,0
1067,1,2,"female",15,39,1,0,1,0,1
1068,1,2,"female",20,36.75,0,0,1,1,0
1069,1,1,"male",54,55.4417,1,1,0,0,0
1070,1,2,"female",36,39,1,0,1,1,0
1071,1,1,"female",64,83.1583,1,1,0,1,0
1072,0,2,"male",30,13,0,0,1,0,0
1073,0,1,"male",37,83.1583,1,1,0,0,0
1074,1,1,"female",18,53.1,1,1,0,1,0
1075,0,2,"male",21,7.75,0,0,0,0,0
1076,1,1,"female",27,247.5208,1,1,0,1,0
1077,0,2,"male",40,16,0,0,1,0,0
1078,1,2,"female",21,21,1,0,1,1,0
1079,0,2,"male",17,8.05,1,0,0,0,0
1080,0,2,"female",19,69.55,1,0,0,1,0
1081,0,2,"male",40,13,0,0,1,0,0
1082,0,2,"male",34,26,1,0,1,0,0
1083,1,1,"male",22,26,0,1,0,0,0
1084,0,2,"male",11.5,14.5,1,0,0,0,1
1085,0,2,"male",61,12.35,0,0,1,0,0
1086,1,2,"male",8,32.5,1,0,1,0,1
1087,0,2,"male",33,7.8542,0,0,0,0,0
1088,1,1,"male",6,134.5,1,1,0,0,1
1089,1,2,"female",18,7775,0,0,0,1,0
1090,0,2,"male",23,10.5,0,0,1,0,0
1091,0,2,"female",20,8.1125,0,0,0,1,0
1092,1,2,"female",24,15.5,0,0,0,1,0
1093,0,2,"male",0.33,14.4,1,0,0,0,1
1094,0,1,"male",47,227525,1,1,0,0,0
1095,1,2,"female",8,26,1,0,1,0,1
1096,0,2,"male",25,10.5,0,0,1,0,0
1097,1,1,"male",22,25.7417,0,1,0,0,0
1098,0,2,"female",35,7.75,0,0,0,1,0
1099,1,2,"male",24,10.5,0,0,1,0,0
1100,1,1,"female",33,27.7208,0,1,0,1,0
1101,0,2,"male",25,7.8958,0,0,0,0,0
1102,0,2,"male",32,22525,0,0,0,0,0
1103,1,2,"male",24,7.05,0,0,0,0,0
1104,0,2,"male",17,73.5,0,0,1,0,0
1105,0,2,"female",60,26,1,0,1,1,0
1106,0,2,"female",38,7775,1,0,0,1,0
1107,0,1,"male",42,42.5,0,1,0,0,0
1108,0,2,"female",30,7.8792,0,0,0,1,0
1109,0,1,"male",57,164.8667,1,1,0,0,0
1110,1,1,"female",50,211.5,1,1,0,1,0
1111,0,2,"male",26,8.05,0,0,0,0,0
1112,1,2,"female",30,13.8583,1,0,1,1,0
1113,0,2,"male",21,8.05,0,0,0,0,0
1114,1,2,"female",22,10.5,0,0,1,1,0
1115,1,2,"male",21,7.7958,0,0,0,0,0
1116,1,1,"female",53,27.4458,0,1,0,1,0
1117,1,2,"female",14,15.2458,1,0,0,0,1
1118,1,2,"male",23,7.7958,0,0,0,0,0
1119,0,2,"female",15,7.75,0,0,0,0,1
1120,0,2,"male",40.5,15.1,0,0,0,0,0
1121,0,2,"male",36,13,0,0,1,0,0
1122,0,2,"male",14,65,0,0,1,0,1
1123,1,1,"female",21,26.55,0,1,0,1,0
1124,0,2,"male",21,6.4958,1,0,0,0,0
1125,0,2,"male",23,7.8792,0,0,0,0,0
1126,0,1,"male",39,71.2833,1,1,0,0,0
1127,0,2,"male",20,7.8542,0,0,0,0,0
1128,0,1,"male",64,75.25,1,1,0,0,0
1129,0,2,"male",20,7225,0,0,0,0,0
1130,0,2,"female",18,13,1,0,1,1,0
1131,1,1,"female",48,106425,1,1,0,1,0
1132,1,1,"female",55,27.7208,0,1,0,1,0
1133,1,2,"female",45,30,1,0,1,1,0
1134,1,1,"male",45,134.5,1,1,0,0,0
1135,1,2,"male",28,7.8875,0,0,0,0,0
1136,0,2,"male",19,23.45,1,0,0,0,0
1137,0,1,"male",41,51.8625,1,1,0,0,0
1138,0,2,"female",22,21,0,0,1,1,0
1139,0,2,"male",42,32.5,1,0,1,0,0
1140,1,2,"female",29,26,1,0,1,1,0
1141,0,2,"female",30,14.4542,1,0,0,1,0
1142,1,2,"female",0.92,27.75,1,0,1,0,1
1143,1,2,"male",20,7925,0,0,0,0,0
1144,0,1,"male",27,136.7792,1,1,0,0,0
1145,0,2,"male",24,9325,0,0,0,0,0
1146,0,2,"male",32.5,9.5,0,0,0,0,0
1147,0,2,"male",17,7.55,0,0,0,0,0
1148,0,2,"male",17,7.75,0,0,0,0,0
1149,0,2,"male",28,8.05,0,0,0,0,0
1150,1,2,"female",19,13,0,0,1,1,0
1151,1,2,"male",21,7775,0,0,0,0,0
1152,1,2,"male",36.5,17.4,1,0,0,0,0
1153,0,2,"male",21,7.8542,0,0,0,0,0
1154,1,2,"female",29,23,1,0,1,1,0
1155,0,2,"female",1,12.1833,1,0,0,0,1
1156,1,2,"male",30,12.7375,0,0,1,0,0
1157,0,2,"male",23,7.8958,0,0,0,0,0
1158,0,1,"male",20,0,0,1,0,0,0
1159,0,2,"male",17,7.55,0,0,0,0,0
1160,1,2,"female",24,8.05,0,0,0,1,0
1161,0,2,"male",17,8.6625,0,0,0,0,0
1162,0,1,"male",46,75.2417,0,1,0,0,0
1163,0,2,"male",28,7.75,0,0,0,0,0
1164,1,1,"female",26,136.7792,1,1,0,1,0
1165,0,2,"female",23,15.5,1,0,0,1,0
1166,0,2,"male",22,7225,0,0,0,0,0
1167,1,2,"female",20,26,1,0,1,1,0
1168,0,2,"male",28,10.5,0,0,1,0,0
1169,0,2,"male",40,26,1,0,1,0,0
1170,0,2,"male",30,21,1,0,1,0,0
1171,1,2,"male",22,10.5,0,0,1,0,0
1172,0,2,"female",23,8.6625,0,0,0,1,0
1173,0,2,"male",0.75,13775,1,0,0,0,1
1174,0,2,"female",17,7.75,0,0,0,1,0
1175,1,2,"female",9,15.2458,1,0,0,0,1
1176,0,2,"female",2,20.2125,1,0,0,0,1
1177,0,2,"male",36,7.25,0,0,0,0,0
1178,0,2,"male",29,7.25,0,0,0,0,0
1179,1,1,"male",24,82.2667,1,1,0,0,0
1180,0,2,"male",23,7.2292,0,0,0,0,0
1181,0,2,"male",29,8.05,0,0,0,0,0
1182,1,1,"male",25,39.6,0,1,0,0,0
1183,1,2,"female",30,6.95,0,0,0,1,0
1184,0,2,"male",29,7.2292,0,0,0,0,0
1185,1,1,"male",53,81.8583,1,1,0,0,0
1186,0,2,"male",36,9.5,0,0,0,0,0
1187,0,2,"male",26,7.8958,0,0,0,0,0
1188,1,2,"female",1,41.5792,1,0,1,0,1
1189,0,2,"male",29,21.6792,1,0,0,0,0
1190,0,1,"male",30,45.5,0,1,0,0,0
1191,0,2,"male",29,7.8542,0,0,0,0,0
1192,1,2,"male",32,7775,0,0,0,0,0
1193,0,2,"male",24,15.0458,0,0,1,0,0
1194,0,2,"male",43,21,1,0,1,0,0
1195,0,2,"male",24,8.6625,0,0,0,0,0
1196,1,2,"female",24,7.75,0,0,0,1,0
1197,1,1,"female",64,26.55,1,1,0,1,0
1198,0,1,"male",30,151.55,1,1,0,0,0
1199,1,2,"male",0.83,9.35,1,0,0,0,1
1200,0,1,"male",55,93.5,1,1,0,0,0
1201,1,2,"female",45,14.1083,1,0,0,1,0
1202,0,2,"male",18,8.6625,0,0,0,0,0
1203,1,2,"male",22,7225,0,0,0,0,0
1204,0,2,"male",26,7575,0,0,0,0,0
1205,0,2,"female",37,7.75,0,0,0,1,0
1206,1,1,"female",55,135.6333,0,1,0,1,0
1207,0,2,"female",17,7.7333,0,0,0,1,0
1208,0,1,"male",57,146.5208,1,1,0,0,0
1209,0,2,"male",19,10.5,0,0,1,0,0
1210,0,2,"male",27,7.8542,0,0,0,0,0
1211,0,2,"male",22,31.5,1,0,1,0,0
1212,0,2,"male",26,7775,0,0,0,0,0
1213,1,2,"male",25,7.2292,0,0,0,0,0
1214,0,2,"male",26,13,0,0,1,0,0
1215,0,1,"male",33,26.55,0,1,0,0,0
1216,1,1,"female",39,211.3375,0,1,0,1,0
1217,0,2,"male",23,7.05,0,0,0,0,0
1218,1,2,"female",12,39,1,0,1,0,1
1219,0,1,"male",46,79.2,0,1,0,0,0
1220,0,2,"male",29,26,1,0,1,0,0
1221,0,2,"male",21,13,0,0,1,0,0
1222,1,2,"female",48,36.75,1,0,1,1,0
1223,0,1,"male",39,29.7,0,1,0,0,0
1224,0,2,"male",19,7225,0,0,0,0,0
1225,1,2,"female",19,15.7417,1,0,0,1,0
1226,0,2,"male",27,7.8958,0,0,0,0,0
1227,0,1,"male",30,26,0,1,0,0,0
1228,0,2,"male",32,13,0,0,1,0,0
1229,0,2,"male",39,7.2292,1,0,0,0,0
1230,0,2,"male",25,31.5,0,0,1,0,0
1231,0,2,"male",26,7.2292,0,0,0,0,0
1232,0,2,"male",18,10.5,0,0,1,0,0
1233,1,2,"male",32,7.5792,0,0,0,0,0
1234,0,2,"male",29,69.55,1,0,0,0,0
1235,1,1,"female",58,512.3292,1,1,0,1,0
1236,0,2,"male",14,14.5,1,0,0,0,1
1237,1,2,"female",16,7.65,0,0,0,0,1
1238,0,2,"male",26,13,0,0,1,0,0
1239,1,2,"female",38,7.2292,0,0,0,1,0
1240,0,2,"male",24,13.5,0,0,1,0,0
1241,1,2,"female",31,21,0,0,1,1,0
1242,1,1,"female",45,63.3583,1,1,0,1,0
1243,0,2,"male",25,10.5,0,0,1,0,0
1244,0,2,"male",18,73.5,0,0,1,0,0
1245,0,2,"male",49,65,1,0,1,0,0
1246,1,2,"female",0.17,20575,1,0,0,0,1
1247,0,1,"male",50,26,0,1,0,0,0
1248,1,1,"female",59,51.4792,1,1,0,1,0
1249,0,2,"male",15,7.8792,0,0,0,0,1
1250,1,2,"male",19,7.75,0,0,0,0,0
1251,0,2,"female",30,15.55,1,0,0,1,0
1252,0,2,"male",14.5,69.55,1,0,0,0,1
1253,1,2,"female",24,37.0042,1,0,1,1,0
1254,1,2,"female",31,21,0,0,1,1,0
1255,0,2,"male",27,8.6625,0,0,0,0,0
1256,1,1,"female",25,55.4417,1,1,0,1,0
1257,0,2,"female",22,69.55,1,0,0,1,0
1258,0,2,"male",22,14.4583,1,0,0,0,0
1259,0,2,"female",22,39.6875,0,0,0,1,0
1260,1,1,"female",45,59.4,1,1,0,1,0
1261,1,2,"male",29,13.8583,0,0,1,0,0
1262,0,2,"male",21,11.5,1,0,1,0,0
1263,1,1,"female",31,134.5,0,1,0,1,0
1264,1,1,"male",49,0,0,1,0,0,0
1265,0,2,"male",44,13,0,0,1,0,0
1266,1,1,"female",54,81.8583,1,1,0,1,0
1267,1,1,"female",45,262375,0,1,0,1,0
1268,0,2,"female",22,8.6625,1,0,0,1,0
1269,0,2,"male",21,11.5,0,0,1,0,0
1270,0,1,"male",55,50,0,1,0,0,0
1271,0,2,"male",5,31.3875,1,0,0,0,1
1272,0,2,"male",25,7.75,0,0,0,0,0
1273,0,2,"male",26,7.8792,0,0,0,0,0
1274,0,2,"female",19,14.5,0,0,0,1,0
1275,0,2,"female",19,16.1,1,0,0,1,0
1276,0,2,"male",25,12875,0,0,1,0,0
1277,1,2,"female",24,65,1,0,1,1,0
1278,0,2,"male",24,7775,0,0,0,0,0
1279,0,2,"male",57,13,0,0,1,0,0
1280,0,2,"male",21,7.75,0,0,0,0,0
1281,0,2,"male",6,21075,1,0,0,0,1
1282,0,1,"male",23,93.5,0,1,0,0,0
1283,1,1,"female",51,39.4,1,1,0,1,0
1284,0,2,"male",13,20.25,1,0,0,0,1
1285,0,2,"male",47,10.5,0,0,1,0,0
1286,1,2,"male",29,22025,1,0,0,0,0
1287,1,1,"female",18,60,1,1,0,1,0
1288,0,2,"male",24,7.25,0,0,0,0,0
1289,1,1,"female",48,79.2,1,1,0,1,0
1290,0,2,"male",22,7775,0,0,0,0,0
1291,0,2,"male",31,7.7333,0,0,0,0,0
1292,1,1,"female",30,164.8667,0,1,0,1,0
1293,0,2,"male",38,21,1,0,1,0,0
1294,1,1,"female",22,59.4,1,1,0,1,0
1295,0,1,"male",17,47.1,0,1,0,0,0
1296,1,1,"male",43,27.7208,1,1,0,0,0
1297,1,2,"male",20,13.8625,0,0,1,0,0
1298,0,2,"male",23,10.5,1,0,1,0,0
1299,0,1,"male",50,211.5,1,1,0,0,0
1300,1,2,"female",19,7.7208,0,0,0,1,0
1301,0,2,"female",3,13775,1,0,0,0,1
1302,0,2,"female",14,7.75,0,0,0,0,1
1303,1,1,"female",37,90,1,1,0,1,0
1304,0,2,"female",28,7775,0,0,0,1,0
1305,0,2,"male",24,8.05,0,0,0,0,0
1306,1,1,"female",39,108.9,0,1,0,1,0
1307,0,2,"male",38.5,7.25,0,0,0,0,0
1308,0,2,"male",23,8.05,0,0,0,0,0
1309,1,2,"male",18,22.3583,1,0,0,0,0
